#
# There is insufficient memory for the Java Runtime Environment to continue.
# Native memory allocation (mmap) failed to map 65536 bytes. Error detail: Failed to commit metaspace.
# Possible reasons:
#   The system is out of physical RAM or swap space
#   This process is running with CompressedOops enabled, and the Java Heap may be blocking the growth of the native heap
# Possible solutions:
#   Reduce memory load on the system
#   Increase physical memory or swap space
#   Check if swap backing store is full
#   Decrease Java heap size (-Xmx/-Xms)
#   Decrease number of Java threads
#   Decrease Java thread stack sizes (-Xss)
#   Set larger code cache with -XX:ReservedCodeCacheSize=
#   JVM is running with Unscaled Compressed Oops mode in which the Java heap is
#     placed in the first 4GB address space. The Java Heap base address is the
#     maximum limit for the native heap growth. Please use -XX:HeapBaseMinAddress
#     to set the Java Heap base and to place the Java Heap above 4GB virtual address.
# This output file may be truncated or incomplete.
#
#  Out of Memory Error (virtualSpaceNode.cpp:113), pid=35320, tid=19592
#
# JRE version: OpenJDK Runtime Environment Temurin-21.0.11+10 (21.0.11+10) (build 21.0.11+10-LTS)
# Java VM: OpenJDK 64-Bit Server VM Temurin-21.0.11+10 (21.0.11+10-LTS, mixed mode, sharing, tiered, compressed oops, compressed class ptrs, parallel gc, windows-amd64)
# No core dump will be written. Minidumps are not enabled by default on client versions of Windows
#

---------------  S U M M A R Y ------------

Command Line: --add-modules=ALL-SYSTEM --add-opens=java.base/java.util=ALL-UNNAMED --add-opens=java.base/java.lang=ALL-UNNAMED --add-opens=java.base/sun.nio.fs=ALL-UNNAMED -Declipse.application=org.eclipse.jdt.ls.core.id1 -Dosgi.bundles.defaultStartLevel=4 -Declipse.product=org.eclipse.jdt.ls.core.product -Djava.import.generatesMetadataFilesAtProjectRoot=false -DDetectVMInstallationsJob.disabled=true -Dfile.encoding=utf8 -XX:+UseParallelGC -XX:GCTimeRatio=4 -XX:AdaptiveSizePolicyWeight=90 -Dsun.zip.disableMemoryMapping=true -Xmx2G -Xms100m -Xlog:disable -javaagent:c:\Users\dhana\.vscode\extensions\redhat.java-1.55.0-win32-x64\lombok\lombok-1.18.39-4050.jar -XX:+HeapDumpOnOutOfMemoryError -XX:HeapDumpPath=c:\Users\dhana\AppData\Roaming\Code\User\workspaceStorage\a55c360faebba8a3ba963f47fe04c56b\redhat.java -Daether.dependencyCollector.impl=bf c:\Users\dhana\.vscode\extensions\redhat.java-1.55.0-win32-x64\server\plugins\org.eclipse.equinox.launcher_1.7.200.v20260619-2039.jar -configuration c:\Users\dhana\AppData\Roaming\Code\User\globalStorage\redhat.java\1.55.0\config_win -data c:\Users\dhana\AppData\Roaming\Code\User\workspaceStorage\a55c360faebba8a3ba963f47fe04c56b\redhat.java\jdt_ws --pipe=\\.\pipe\lsp-15aaafcd37d58bb79ec518d642e045bf-sock

Host: AMD Ryzen 7 6800H with Radeon Graphics         , 16 cores, 15G,  Windows 11 , 64 bit Build 26100 (10.0.26100.9168)
Time: Sat Aug 22 12:54:52 2026 India Standard Time elapsed time: 3.813002 seconds (0d 0h 0m 3s)

---------------  T H R E A D  ---------------

Current thread (0x00000210647a36f0):  JavaThread "Start Level: Equinox Container: 560e832d-88ac-4a3d-876f-47bc617b78dc" daemon [_thread_in_vm, id=19592, stack(0x0000005ca1d00000,0x0000005ca1e00000) (1024K)]

Stack: [0x0000005ca1d00000,0x0000005ca1e00000]
Native frames: (J=compiled Java code, j=interpreted, Vv=VM code, C=native code)
V  [jvm.dll+0x6d7e19]
V  [jvm.dll+0x8b5096]
V  [jvm.dll+0x8b764e]
V  [jvm.dll+0x8b7d33]
V  [jvm.dll+0x284596]
V  [jvm.dll+0x8b0dde]
V  [jvm.dll+0x6795e4]
V  [jvm.dll+0x1e849b]
V  [jvm.dll+0x1e825e]
V  [jvm.dll+0x67bee2]
V  [jvm.dll+0x67bd12]
V  [jvm.dll+0x679fbe]
V  [jvm.dll+0x26f864]
V  [jvm.dll+0x21a11f]
V  [jvm.dll+0x20f80e]
V  [jvm.dll+0x5b658f]
V  [jvm.dll+0x82f046]
V  [jvm.dll+0x478ec8]
V  [jvm.dll+0x47ecf8]
C  [java.dll+0x17ec]

Java frames: (J=compiled Java code, j=interpreted, Vv=VM code)
J 1188  java.lang.ClassLoader.defineClass1(Ljava/lang/ClassLoader;Ljava/lang/String;[BIILjava/security/ProtectionDomain;Ljava/lang/String;)Ljava/lang/Class; java.base@21.0.11 (0 bytes) @ 0x0000021051311f11 [0x0000021051311e40+0x00000000000000d1]
J 1987 c1 java.lang.ClassLoader.defineClass(Ljava/lang/String;[BIILjava/security/ProtectionDomain;)Ljava/lang/Class; java.base@21.0.11 (43 bytes) @ 0x0000021049aa3e7c [0x0000021049aa3b20+0x000000000000035c]
j  org.eclipse.osgi.internal.loader.ModuleClassLoader.defineClass(Ljava/lang/String;[BLorg/eclipse/osgi/internal/loader/classpath/ClasspathEntry;)Lorg/eclipse/osgi/internal/loader/ModuleClassLoader$DefineClassResult;+37
j  org.eclipse.osgi.internal.loader.classpath.ClasspathManager.defineClass(Ljava/lang/String;[BLorg/eclipse/osgi/internal/loader/classpath/ClasspathEntry;Lorg/eclipse/osgi/storage/bundlefile/BundleEntry;Ljava/util/List;)Ljava/lang/Class;+424
j  org.eclipse.osgi.internal.loader.classpath.ClasspathManager.findClassImpl(Ljava/lang/String;Lorg/eclipse/osgi/internal/loader/classpath/ClasspathEntry;Ljava/util/List;)Ljava/lang/Class;+288
j  org.eclipse.osgi.internal.loader.classpath.ClasspathManager.findLocalClassImpl(Ljava/lang/String;[Lorg/eclipse/osgi/internal/loader/classpath/ClasspathEntry;Ljava/util/List;)Ljava/lang/Class;+30
j  org.eclipse.osgi.internal.loader.classpath.ClasspathManager.findLocalClassImpl(Ljava/lang/String;Ljava/util/List;)Ljava/lang/Class;+69
j  org.eclipse.osgi.internal.loader.classpath.ClasspathManager.findLocalClass(Ljava/lang/String;)Ljava/lang/Class;+113
j  org.eclipse.osgi.internal.loader.ModuleClassLoader.findLocalClass(Ljava/lang/String;)Ljava/lang/Class;+5
j  org.eclipse.osgi.internal.loader.BundleLoader.findLocalClass(Ljava/lang/String;)Ljava/lang/Class;+65
J 2586 c1 org.eclipse.osgi.internal.loader.BundleLoader.findClass0(Ljava/lang/String;ZZ)Ljava/lang/Class; (490 bytes) @ 0x0000021049c0395c [0x0000021049c007c0+0x000000000000319c]
J 2585 c1 org.eclipse.osgi.internal.loader.BundleLoader.findClass(Ljava/lang/String;)Ljava/lang/Class; (8 bytes) @ 0x0000021049bf33cc [0x0000021049bf3340+0x000000000000008c]
J 2587 c1 org.eclipse.osgi.internal.loader.ModuleClassLoader.loadClass(Ljava/lang/String;Z)Ljava/lang/Class; (36 bytes) @ 0x0000021049bfd2cc [0x0000021049bfd0a0+0x000000000000022c]
J 1062 c1 java.lang.ClassLoader.loadClass(Ljava/lang/String;)Ljava/lang/Class; java.base@21.0.11 (7 bytes) @ 0x00000210498af954 [0x00000210498af840+0x0000000000000114]
v  ~StubRoutines::call_stub 0x0000021050b5100d
j  org.apache.felix.scr.impl.manager.AbstractComponentManager.loadDependencyManagers(Lorg/apache/felix/scr/impl/metadata/ComponentMetadata;)Ljava/util/List;+64
j  org.apache.felix.scr.impl.manager.AbstractComponentManager.<init>(Lorg/apache/felix/scr/impl/manager/ComponentContainer;Lorg/apache/felix/scr/impl/inject/ComponentMethods;Z)V+153
j  org.apache.felix.scr.impl.manager.SingleComponentManager.<init>(Lorg/apache/felix/scr/impl/manager/ComponentContainer;Lorg/apache/felix/scr/impl/inject/ComponentMethods;Z)V+4
j  org.apache.felix.scr.impl.manager.SingleComponentManager.<init>(Lorg/apache/felix/scr/impl/manager/ComponentContainer;Lorg/apache/felix/scr/impl/inject/ComponentMethods;)V+4
j  org.apache.felix.scr.impl.manager.ConfigurableComponentHolder.createComponentManager(Z)Lorg/apache/felix/scr/impl/manager/AbstractComponentManager;+120
j  org.apache.felix.scr.impl.manager.ConfigurableComponentHolder.enableComponents(Z)Lorg/osgi/util/promise/Promise;+82
j  org.apache.felix.scr.impl.BundleComponentActivator.initialEnable()V+107
j  org.apache.felix.scr.impl.Activator.loadComponents(Lorg/osgi/framework/Bundle;)V+392
j  org.apache.felix.scr.impl.Activator.access$200(Lorg/apache/felix/scr/impl/Activator;Lorg/osgi/framework/Bundle;)V+2
j  org.apache.felix.scr.impl.Activator$ScrExtension.start()V+72
j  org.apache.felix.scr.impl.AbstractExtender.createExtension(Lorg/osgi/framework/Bundle;)V+71
j  org.apache.felix.scr.impl.AbstractExtender.modifiedBundle(Lorg/osgi/framework/Bundle;Lorg/osgi/framework/BundleEvent;Lorg/osgi/framework/Bundle;)V+115
j  org.apache.felix.scr.impl.AbstractExtender.addingBundle(Lorg/osgi/framework/Bundle;Lorg/osgi/framework/BundleEvent;)Lorg/osgi/framework/Bundle;+4
j  org.apache.felix.scr.impl.AbstractExtender.addingBundle(Lorg/osgi/framework/Bundle;Lorg/osgi/framework/BundleEvent;)Ljava/lang/Object;+3
j  org.osgi.util.tracker.BundleTracker$Tracked.customizerAdding(Lorg/osgi/framework/Bundle;Lorg/osgi/framework/BundleEvent;)Ljava/lang/Object;+9
j  org.osgi.util.tracker.BundleTracker$Tracked.customizerAdding(Ljava/lang/Object;Ljava/lang/Object;)Ljava/lang/Object;+9
j  org.osgi.util.tracker.AbstractTracked.trackAdding(Ljava/lang/Object;Ljava/lang/Object;)V+8
j  org.osgi.util.tracker.AbstractTracked.track(Ljava/lang/Object;Ljava/lang/Object;)V+83
j  org.osgi.util.tracker.BundleTracker$Tracked.bundleChanged(Lorg/osgi/framework/BundleEvent;)V+35
J 2578 c1 org.eclipse.osgi.internal.framework.BundleContextImpl.dispatchEvent(Ljava/lang/Object;Ljava/lang/Object;ILjava/lang/Object;)V (577 bytes) @ 0x0000021049bf5444 [0x0000021049bf3f80+0x00000000000014c4]
j  org.eclipse.osgi.framework.eventmgr.EventManager.dispatchEvent(Ljava/util/Set;Lorg/eclipse/osgi/framework/eventmgr/EventDispatcher;ILjava/lang/Object;)V+48
j  org.eclipse.osgi.framework.eventmgr.ListenerQueue.dispatchEventSynchronous(ILjava/lang/Object;)V+67
j  org.eclipse.osgi.internal.framework.EquinoxEventPublisher.publishBundleEventPrivileged(Lorg/osgi/framework/BundleEvent;)V+547
j  org.eclipse.osgi.internal.framework.EquinoxEventPublisher.publishBundleEvent(Lorg/osgi/framework/BundleEvent;)V+8
j  org.eclipse.osgi.internal.framework.EquinoxEventPublisher.publishBundleEvent(ILorg/osgi/framework/Bundle;Lorg/osgi/framework/Bundle;)V+15
j  org.eclipse.osgi.internal.framework.EquinoxContainerAdaptor.publishModuleEvent(Lorg/eclipse/osgi/container/ModuleContainerAdaptor$ModuleEvent;Lorg/eclipse/osgi/container/Module;Lorg/eclipse/osgi/container/Module;)V+29
j  org.eclipse.osgi.container.Module.publishEvent(Lorg/eclipse/osgi/container/ModuleContainerAdaptor$ModuleEvent;)V+13
j  org.eclipse.osgi.container.Module.start([Lorg/eclipse/osgi/container/Module$StartOptions;)V+588
j  org.eclipse.osgi.container.ModuleContainer$ContainerStartLevel$2.run()V+83
j  org.eclipse.osgi.internal.framework.EquinoxContainerAdaptor$1$1.execute(Ljava/lang/Runnable;)V+1
j  org.eclipse.osgi.container.ModuleContainer$ContainerStartLevel.incStartLevel(ILjava/util/List;Z)V+193
j  org.eclipse.osgi.container.ModuleContainer$ContainerStartLevel.incStartLevel(ILjava/util/List;Ljava/util/List;Ljava/util/List;Ljava/util/List;)V+4
j  org.eclipse.osgi.container.ModuleContainer$ContainerStartLevel.doContainerStartLevel(Lorg/eclipse/osgi/container/Module;I[Lorg/osgi/framework/FrameworkListener;)V+358
j  org.eclipse.osgi.container.ModuleContainer$ContainerStartLevel.dispatchEvent(Lorg/eclipse/osgi/container/Module;[Lorg/osgi/framework/FrameworkListener;ILjava/lang/Integer;)V+32
j  org.eclipse.osgi.container.ModuleContainer$ContainerStartLevel.dispatchEvent(Ljava/lang/Object;Ljava/lang/Object;ILjava/lang/Object;)V+15
j  org.eclipse.osgi.framework.eventmgr.EventManager.dispatchEvent(Ljava/util/Set;Lorg/eclipse/osgi/framework/eventmgr/EventDispatcher;ILjava/lang/Object;)V+48
j  org.eclipse.osgi.framework.eventmgr.EventManager$EventThread.run()V+26
v  ~StubRoutines::call_stub 0x0000021050b5100d

Compiled method (n/a) 3856 1188     n 0       java.lang.ClassLoader::defineClass1 (native)
 total in heap  [0x0000021051311c90,0x0000021051312118] = 1160
 relocation     [0x0000021051311df0,0x0000021051311e28] = 56
 main code      [0x0000021051311e40,0x0000021051312116] = 726
 stub code      [0x0000021051312116,0x0000021051312118] = 2

[Constant Pool (empty)]

[MachCode]
[Entry Point]
  # {method} {0x0000021000434a48} 'defineClass1' '(Ljava/lang/ClassLoader;Ljava/lang/String;[BIILjava/security/ProtectionDomain;Ljava/lang/String;)Ljava/lang/Class;' in 'java/lang/ClassLoader'
  # parm0:    rdx:rdx   = 'java/lang/ClassLoader'
  # parm1:    r8:r8     = 'java/lang/String'
  # parm2:    r9:r9     = '[B'
  # parm3:    rdi       = int
  # parm4:    rsi       = int
  # parm5:    rcx:rcx   = 'java/security/ProtectionDomain'
  # parm6:    [sp+0xa0]   = 'java/lang/String'  (sp of caller)
  0x0000021051311e40: 448b 5208 | 49bb 0000 | 0000 1002 | 0000 4d03 | d349 3bc2 | 0f84 0600 

  0x0000021051311e58: ;   {runtime_call ic_miss_stub}
  0x0000021051311e58: 0000 e921 | c688 ff90 
[Verified Entry Point]
  0x0000021051311e60: 8984 2400 | 80ff ff55 | 488b ec48 | 81ec 9000 | 0000 6690 | 4181 7f20 | 0100 0000 

  0x0000021051311e7c: ;   {runtime_call StubRoutines (final stubs)}
  0x0000021051311e7c: 7405 e85d | 6b87 ff48 | 837d 1000 | 488d 4510 | 480f 4445 | 1048 8944 | 2440 4889 | 4c24 7048 
  0x0000021051311e9c: 83f9 0048 | 8d44 2470 | 480f 4444 | 2470 4889 | 4424 3848 | 8974 2430 | 4889 7c24 | 284c 894c 
  0x0000021051311ebc: 2458 4983 | f900 488d | 4424 5848 | 0f44 4424 | 5848 8944 | 2420 4c89 | 4424 5049 | 83f8 004c 
  0x0000021051311edc: 8d4c 2450 | 4c0f 444c | 2450 4889 | 5424 4848 | 83fa 004c | 8d44 2448 | 4c0f 4444 

  0x0000021051311ef8: ;   {oop(a 'java/lang/Class'{0x0000000080000b78} = 'java/lang/ClassLoader')}
  0x0000021051311ef8: 2448 49be | 780b 0080 | 0000 0000 | 4c89 7424 | 784c 8d74 | 2478 498b | d6c5 f877 

  0x0000021051311f14: ;   {internal_word}
  0x0000021051311f14: 49ba 111f | 3151 1002 | 0000 4d89 | 97a8 0300 | 0049 89a7 | a003 0000 

  0x0000021051311f2c: ;   {external_word}
  0x0000021051311f2c: 49ba c66c | 0b42 fd7f | 0000 4180 | 3a00 0f84 | 4e00 0000 | 5241 5041 

  0x0000021051311f44: ;   {metadata({method} {0x0000021000434a48} 'defineClass1' '(Ljava/lang/ClassLoader;Ljava/lang/String;[BIILjava/security/ProtectionDomain;Ljava/lang/String;)Ljava/lang/Class;' in 'java/lang/ClassLoader')}
  0x0000021051311f44: 5148 ba40 | 4a43 0010 | 0200 0049 | 8bcf 4883 | ec20 40f6 | c40f 0f84 | 1900 0000 | 4883 ec08 
  0x0000021051311f64: ;   {runtime_call}
  0x0000021051311f64: 48b8 20e5 | b441 fd7f | 0000 ffd0 | 4883 c408 | e90c 0000 

  0x0000021051311f78: ;   {runtime_call}
  0x0000021051311f78: 0048 b820 | e5b4 41fd | 7f00 00ff | d048 83c4 | 2041 5941 | 585a 498d | 8fc0 0300 | 0041 c787 
  0x0000021051311f98: 4c04 0000 | 0400 0000 

  0x0000021051311fa0: ;   {runtime_call}
  0x0000021051311fa0: 48b8 ac16 | 21a4 fd7f | 0000 ffd0 | c5f8 7741 | c787 4c04 | 0000 0500 | 0000 f083 | 4424 c000 
  0x0000021051311fc0: 493b af50 | 0400 000f | 870e 0000 | 0041 83bf | 4804 0000 | 000f 842b | 0000 00c5 | f877 4889 
  0x0000021051311fe0: 45f8 498b | cf4c 8be4 | 4883 ec20 | 4883 e4f0 

  0x0000021051311ff0: ;   {runtime_call}
  0x0000021051311ff0: 48b8 e053 | 8041 fd7f | 0000 ffd0 | 498b e44d | 33e4 488b | 45f8 41c7 | 874c 0400 | 0008 0000 
  0x0000021051312010: 0041 83bf | c804 0000 | 020f 84ca 

  0x000002105131201c: ;   {external_word}
  0x000002105131201c: 0000 0049 | bac6 6c0b | 42fd 7f00 | 0041 803a | 000f 844c | 0000 0048 

  0x0000021051312034: ;   {metadata({method} {0x0000021000434a48} 'defineClass1' '(Ljava/lang/ClassLoader;Ljava/lang/String;[BIILjava/security/ProtectionDomain;Ljava/lang/String;)Ljava/lang/Class;' in 'java/lang/ClassLoader')}
  0x0000021051312034: 8945 f848 | ba40 4a43 | 0010 0200 | 0049 8bcf | 4883 ec20 | 40f6 c40f | 0f84 1900 | 0000 4883 
  0x0000021051312054: ;   {runtime_call}
  0x0000021051312054: ec08 48b8 | 20e5 b441 | fd7f 0000 | ffd0 4883 | c408 e90c 

  0x0000021051312068: ;   {runtime_call}
  0x0000021051312068: 0000 0048 | b820 e5b4 | 41fd 7f00 | 00ff d048 | 83c4 2048 | 8b45 f849 | c787 a003 | 0000 0000 
  0x0000021051312088: 0000 49c7 | 87a8 0300 | 0000 0000 | 00c5 f877 | 4885 c00f | 8425 0000 | 00a8 030f | 8508 0000 
  0x00000210513120a8: 0048 8b00 | e915 0000 | 00a8 010f | 8509 0000 | 0048 8b40 | fee9 0400 | 0000 488b | 40ff 498b 
  0x00000210513120c8: 8f30 0400 | 00c7 8100 | 0100 0000 | 0000 00c9 | 4983 7f08 | 000f 8501 | 0000 00c3 

  0x00000210513120e4: ;   {runtime_call StubRoutines (initial stubs)}
  0x00000210513120e4: e917 ee83 | ffc5 f877 | 4889 45f8 | 4c8b e448 | 83ec 2048 

  0x00000210513120f8: ;   {runtime_call}
  0x00000210513120f8: 83e4 f048 | b870 1cb5 | 41fd 7f00 | 00ff d049 | 8be4 4d33 | e448 8b45 | f8e9 09ff | ffff f4f4 
[/MachCode]


Compiled method (c1) 3868 1987       3       java.lang.ClassLoader::defineClass (43 bytes)
 total in heap  [0x0000021049aa3910,0x0000021049aa4270] = 2400
 relocation     [0x0000021049aa3a70,0x0000021049aa3b10] = 160
 main code      [0x0000021049aa3b20,0x0000021049aa3fc0] = 1184
 stub code      [0x0000021049aa3fc0,0x0000021049aa4038] = 120
 metadata       [0x0000021049aa4038,0x0000021049aa4068] = 48
 scopes data    [0x0000021049aa4068,0x0000021049aa4158] = 240
 scopes pcs     [0x0000021049aa4158,0x0000021049aa4238] = 224
 dependencies   [0x0000021049aa4238,0x0000021049aa4248] = 16
 nul chk table  [0x0000021049aa4248,0x0000021049aa4270] = 40

[Constant Pool (empty)]

[MachCode]
[Entry Point]
  # {method} {0x0000021000434dc8} 'defineClass' '(Ljava/lang/String;[BIILjava/security/ProtectionDomain;)Ljava/lang/Class;' in 'java/lang/ClassLoader'
  # this:     rdx:rdx   = 'java/lang/ClassLoader'
  # parm0:    r8:r8     = 'java/lang/String'
  # parm1:    r9:r9     = '[B'
  # parm2:    rdi       = int
  # parm3:    rsi       = int
  # parm4:    rcx:rcx   = 'java/security/ProtectionDomain'
  #           [sp+0xc0]  (sp of caller)
  0x0000021049aa3b20: 448b 5208 | 49bb 0000 | 0000 1002 | 0000 4d03 | d34c 3bd0 

  0x0000021049aa3b34: ;   {runtime_call ic_miss_stub}
  0x0000021049aa3b34: 0f85 46a9 | 0f07 660f | 1f44 0000 
[Verified Entry Point]
  0x0000021049aa3b40: 8984 2400 | 80ff ff55 | 4881 ecb0 | 0000 0090 | 4181 7f20 | 0100 0000 

  0x0000021049aa3b58: ;   {runtime_call StubRoutines (final stubs)}
  0x0000021049aa3b58: 7405 e881 | 4e0e 0748 | 8954 2478 

  0x0000021049aa3b64: ;   {metadata(method data for {method} {0x0000021000434dc8} 'defineClass' '(Ljava/lang/String;[BIILjava/security/ProtectionDomain;)Ljava/lang/Class;' in 'java/lang/ClassLoader')}
  0x0000021049aa3b64: 48bb 28f4 | 3760 1002 | 0000 8b83 | cc00 0000 | 83c0 0289 | 83cc 0000 | 0025 fe07 | 0000 85c0 
  0x0000021049aa3b84: 0f84 5803 | 0000 89b4 | 2494 0000 | 0089 bc24 | 9000 0000 | 4c89 8c24 | 8800 0000 

  0x0000021049aa3ba0: ;   {metadata(method data for {method} {0x0000021000434dc8} 'defineClass' '(Ljava/lang/String;[BIILjava/security/ProtectionDomain;)Ljava/lang/Class;' in 'java/lang/ClassLoader')}
  0x0000021049aa3ba0: 488b da48 | b828 f437 | 6010 0200 | 0048 8380 | 1001 0000 | 0149 8bd8 | 4c8b c34c | 8bc9 488b 
  0x0000021049aa3bc0: ca48 8bd1 | 4889 9c24 | 8000 0000 

  0x0000021049aa3bcc: ;   {optimized virtual_call}
  0x0000021049aa3bcc: 6666 90e8 

  0x0000021049aa3bd0: ; ImmutableOopMap {[120]=Oop [128]=Oop [136]=Oop }
                      ;*invokevirtual preDefineClass {reexecute=0 rethrow=0 return_oop=0}
                      ; - java.lang.ClassLoader::defineClass@4
  0x0000021049aa3bd0: ccc4 ecff 

  0x0000021049aa3bd4: ;   {other}
  0x0000021049aa3bd4: 0f1f 8400 | c402 0000 | 4889 8424 | 9800 0000 | 488b 5424 

  0x0000021049aa3be8: ;   {metadata(method data for {method} {0x0000021000434dc8} 'defineClass' '(Ljava/lang/String;[BIILjava/security/ProtectionDomain;)Ljava/lang/Class;' in 'java/lang/ClassLoader')}
  0x0000021049aa3be8: 7849 b828 | f437 6010 | 0200 0049 | 8380 4801 

  0x0000021049aa3bf8: ;   {metadata(method data for {method} {0x0000021000434ab0} 'defineClassSourceLocation' '(Ljava/security/ProtectionDomain;)Ljava/lang/String;' in 'java/lang/ClassLoader')}
  0x0000021049aa3bf8: 0000 0149 | b840 fb37 | 6010 0200 | 0041 8b90 | cc00 0000 | 83c2 0241 | 8990 cc00 | 0000 81e2 
  0x0000021049aa3c18: feff 1f00 | 85d2 0f84 | df02 0000 

  0x0000021049aa3c24: ; implicit exception: dispatches to 0x0000021049aa3f24
  0x0000021049aa3c24: 483b 004c 

  0x0000021049aa3c28: ;   {metadata(method data for {method} {0x0000021000434ab0} 'defineClassSourceLocation' '(Ljava/security/ProtectionDomain;)Ljava/lang/String;' in 'java/lang/ClassLoader')}
  0x0000021049aa3c28: 8bc0 48ba | 40fb 3760 | 1002 0000 | 4883 8210 | 0100 0001 | 448b 4010 

  0x0000021049aa3c40: ;   {metadata(method data for {method} {0x0000021000434ab0} 'defineClassSourceLocation' '(Ljava/security/ProtectionDomain;)Ljava/lang/String;' in 'java/lang/ClassLoader')}
  0x0000021049aa3c40: 4d85 c048 | ba40 fb37 | 6010 0200 | 0048 c7c6 | 5801 0000 | 7507 48c7 | c648 0100 | 0048 8b3c 
  0x0000021049aa3c60: 3248 8d7f | 0148 893c | 320f 850f 

  0x0000021049aa3c6c: ;   {oop(nullptr)}
  0x0000021049aa3c6c: 0000 0048 | bb00 0000 | 0000 0000 | 00e9 a901 | 0000 493b | 0049 8bd0 

  0x0000021049aa3c84: ;   {metadata(method data for {method} {0x0000021000434ab0} 'defineClassSourceLocation' '(Ljava/security/ProtectionDomain;)Ljava/lang/String;' in 'java/lang/ClassLoader')}
  0x0000021049aa3c84: 48be 40fb | 3760 1002 | 0000 4883 | 8668 0100 | 0001 418b | 500c 4885 

  0x0000021049aa3c9c: ;   {metadata(method data for {method} {0x0000021000434ab0} 'defineClassSourceLocation' '(Ljava/security/ProtectionDomain;)Ljava/lang/String;' in 'java/lang/ClassLoader')}
  0x0000021049aa3c9c: d248 be40 | fb37 6010 | 0200 0048 | c7c7 b001 | 0000 7507 | 48c7 c7a0 | 0100 0048 | 8b1c 3e48 
  0x0000021049aa3cbc: 8d5b 0148 | 891c 3e0f | 850f 0000 

  0x0000021049aa3cc8: ;   {oop(nullptr)}
  0x0000021049aa3cc8: 0048 bb00 | 0000 0000 | 0000 00e9 | 4f01 0000 

  0x0000021049aa3cd8: ;   {metadata(method data for {method} {0x0000021000434ab0} 'defineClassSourceLocation' '(Ljava/security/ProtectionDomain;)Ljava/lang/String;' in 'java/lang/ClassLoader')}
  0x0000021049aa3cd8: 48be 40fb | 3760 1002 | 0000 4883 | 86c0 0100 | 0001 483b | 024c 8bc2 

  0x0000021049aa3cf0: ;   {metadata(method data for {method} {0x0000021000434ab0} 'defineClassSourceLocation' '(Ljava/security/ProtectionDomain;)Ljava/lang/String;' in 'java/lang/ClassLoader')}
  0x0000021049aa3cf0: 48be 40fb | 3760 1002 | 0000 4883 | 86f8 0100 

  0x0000021049aa3d00: ;   {metadata(method data for {method} {0x000002100001abf0} 'toString' '()Ljava/lang/String;' in 'java/net/URL')}
  0x0000021049aa3d00: 0001 49b8 | 10ef 3760 | 1002 0000 | 418b b0cc | 0000 0083 | c602 4189 | b0cc 0000 | 0081 e6fe 
  0x0000021049aa3d20: ff1f 0085 | f60f 8408 | 0200 004c 

  0x0000021049aa3d2c: ;   {metadata(method data for {method} {0x000002100001abf0} 'toString' '()Ljava/lang/String;' in 'java/net/URL')}
  0x0000021049aa3d2c: 8bc2 48be | 10ef 3760 | 1002 0000 | 4883 8610 | 0100 0001 

  0x0000021049aa3d40: ;   {metadata(method data for {method} {0x0000021000428650} 'toExternalForm' '()Ljava/lang/String;' in 'java/net/URL')}
  0x0000021049aa3d40: 49b8 9887 | 3760 1002 | 0000 418b | b0cc 0000 | 0083 c602 | 4189 b0cc | 0000 0081 | e6fe ff1f 
  0x0000021049aa3d60: 0085 f60f | 84eb 0100 | 008b 7238 

  0x0000021049aa3d6c: ; implicit exception: dispatches to 0x0000021049aa3f75
  0x0000021049aa3d6c: 483b 064c 

  0x0000021049aa3d70: ;   {metadata(method data for {method} {0x0000021000428650} 'toExternalForm' '()Ljava/lang/String;' in 'java/net/URL')}
  0x0000021049aa3d70: 8bc6 48bf | 9887 3760 | 1002 0000 | 458b 4008 | 49ba 0000 | 0000 1002 | 0000 4d03 | c24c 3b87 
  0x0000021049aa3d90: 2001 0000 | 750d 4883 | 8728 0100 | 0001 e960 | 0000 004c | 3b87 3001 | 0000 750d | 4883 8738 
  0x0000021049aa3db0: 0100 0001 | e94a 0000 | 0048 83bf | 2001 0000 | 0075 174c | 8987 2001 | 0000 48c7 | 8728 0100 
  0x0000021049aa3dd0: 0001 0000 | 00e9 2900 | 0000 4883 | bf30 0100 | 0000 7517 | 4c89 8730 | 0100 0048 | c787 3801 
  0x0000021049aa3df0: 0000 0100 | 0000 e908 | 0000 0048 | 8387 1001 | 0000 014c | 8bc2 488b | d60f 1f40 | 0048 b8ff 
  0x0000021049aa3e10: ffff ffff 

  0x0000021049aa3e14: ;   {virtual_call}
  0x0000021049aa3e14: ffff ffe8 

  0x0000021049aa3e18: ; ImmutableOopMap {[120]=Oop [128]=Oop [136]=Oop [152]=Oop }
                      ;*invokevirtual toExternalForm {reexecute=0 rethrow=0 return_oop=0}
                      ; - java.net.URL::toExternalForm@5
                      ; - java.net.URL::toString@1
                      ; - java.lang.ClassLoader::defineClassSourceLocation@22
                      ; - java.lang.ClassLoader::defineClass@12
  0x0000021049aa3e18: 1435 1b07 

  0x0000021049aa3e1c: ;   {other}
  0x0000021049aa3e1c: 0f1f 8400 | 0c05 0001 | 488b d848 | 8b84 2498 | 0000 008b | b424 9400 | 0000 8bbc | 2490 0000 
  0x0000021049aa3e3c: 004c 8b8c | 2488 0000 | 004c 8b84 | 2480 0000 | 0048 8b54 

  0x0000021049aa3e50: ;   {metadata(method data for {method} {0x0000021000434dc8} 'defineClass' '(Ljava/lang/String;[BIILjava/security/ProtectionDomain;)Ljava/lang/Class;' in 'java/lang/ClassLoader')}
  0x0000021049aa3e50: 2478 48b9 | 28f4 3760 | 1002 0000 | 4883 8180 | 0100 0001 | 4c8b da49 | 8bd3 488b | c848 891c 
  0x0000021049aa3e70: 2466 0f1f 

  0x0000021049aa3e74: ;   {static_call}
  0x0000021049aa3e74: 4400 00e8 

  0x0000021049aa3e78: ; ImmutableOopMap {[120]=Oop [152]=Oop }
                      ;*invokestatic defineClass1 {reexecute=0 rethrow=0 return_oop=0}
                      ; - java.lang.ClassLoader::defineClass@27
  0x0000021049aa3e78: e4df 8607 

  0x0000021049aa3e7c: ;   {other}
  0x0000021049aa3e7c: 0f1f 8400 | 6c05 0002 | 488b 5424 

  0x0000021049aa3e88: ;   {metadata(method data for {method} {0x0000021000434dc8} 'defineClass' '(Ljava/lang/String;[BIILjava/security/ProtectionDomain;)Ljava/lang/Class;' in 'java/lang/ClassLoader')}
  0x0000021049aa3e88: 7849 b828 | f437 6010 | 0200 0049 | 8380 9001 | 0000 014c | 8bc0 4c8b | 8c24 9800 | 0000 488b 
  0x0000021049aa3ea8: 5424 7848 | 8984 24a0 | 0000 000f 

  0x0000021049aa3eb4: ;   {optimized virtual_call}
  0x0000021049aa3eb4: 1f40 00e8 

  0x0000021049aa3eb8: ; ImmutableOopMap {[160]=Oop }
                      ;*invokevirtual postDefineClass {reexecute=0 rethrow=0 return_oop=0}
                      ; - java.lang.ClassLoader::defineClass@37
  0x0000021049aa3eb8: 64c4 f7ff 

  0x0000021049aa3ebc: ;   {other}
  0x0000021049aa3ebc: 0f1f 8400 | ac05 0003 | 488b 8424 | a000 0000 | 4881 c4b0 | 0000 005d 

  0x0000021049aa3ed4: ;   {poll_return}
  0x0000021049aa3ed4: 493b a750 | 0400 000f | 8799 0000 

  0x0000021049aa3ee0: ;   {metadata({method} {0x0000021000434dc8} 'defineClass' '(Ljava/lang/String;[BIILjava/security/ProtectionDomain;)Ljava/lang/Class;' in 'java/lang/ClassLoader')}
  0x0000021049aa3ee0: 00c3 49ba | c04d 4300 | 1002 0000 | 4c89 5424 | 0848 c704 | 24ff ffff 

  0x0000021049aa3ef8: ;   {runtime_call counter_overflow Runtime1 stub}
  0x0000021049aa3ef8: ffe8 0208 

  0x0000021049aa3efc: ; ImmutableOopMap {rdx=Oop r8=Oop r9=Oop rcx=Oop [120]=Oop }
                      ;*synchronization entry
                      ; - java.lang.ClassLoader::defineClass@-1
  0x0000021049aa3efc: 1b07 e987 

  0x0000021049aa3f00: ;   {metadata({method} {0x0000021000434ab0} 'defineClassSourceLocation' '(Ljava/security/ProtectionDomain;)Ljava/lang/String;' in 'java/lang/ClassLoader')}
  0x0000021049aa3f00: fcff ff49 | baa8 4a43 | 0010 0200 | 004c 8954 | 2408 48c7 | 0424 ffff 

  0x0000021049aa3f18: ;   {runtime_call counter_overflow Runtime1 stub}
  0x0000021049aa3f18: ffff e8e1 

  0x0000021049aa3f1c: ; ImmutableOopMap {rax=Oop [120]=Oop [128]=Oop [136]=Oop [152]=Oop }
                      ;*synchronization entry
                      ; - java.lang.ClassLoader::defineClassSourceLocation@-1
                      ; - java.lang.ClassLoader::defineClass@12
  0x0000021049aa3f1c: 071b 07e9 | 00fd ffff 

  0x0000021049aa3f24: ;   {runtime_call throw_null_pointer_exception Runtime1 stub}
  0x0000021049aa3f24: e8d7 a41a 

  0x0000021049aa3f28: ; ImmutableOopMap {rax=Oop [120]=Oop [128]=Oop [136]=Oop [152]=Oop }
                      ;*invokevirtual getCodeSource {reexecute=0 rethrow=0 return_oop=0}
                      ; - java.lang.ClassLoader::defineClassSourceLocation@1
                      ; - java.lang.ClassLoader::defineClass@12
                      ;   {runtime_call throw_null_pointer_exception Runtime1 stub}
  0x0000021049aa3f28: 07e8 d2a4 

  0x0000021049aa3f2c: ; ImmutableOopMap {rax=Oop r8=Oop [120]=Oop [128]=Oop [136]=Oop [152]=Oop }
                      ;*invokevirtual getLocation {reexecute=0 rethrow=0 return_oop=0}
                      ; - java.lang.ClassLoader::defineClassSourceLocation@12
                      ; - java.lang.ClassLoader::defineClass@12
                      ;   {runtime_call throw_null_pointer_exception Runtime1 stub}
  0x0000021049aa3f2c: 1a07 e8cd 

  0x0000021049aa3f30: ; ImmutableOopMap {rdx=Oop [120]=Oop [128]=Oop [136]=Oop [152]=Oop }
                      ;*invokevirtual toString {reexecute=0 rethrow=0 return_oop=0}
                      ; - java.lang.ClassLoader::defineClassSourceLocation@22
                      ; - java.lang.ClassLoader::defineClass@12
                      ;   {metadata({method} {0x000002100001abf0} 'toString' '()Ljava/lang/String;' in 'java/net/URL')}
  0x0000021049aa3f30: a41a 0749 | bae8 ab01 | 0010 0200 | 004c 8954 | 2408 48c7 | 0424 ffff 

  0x0000021049aa3f48: ;   {runtime_call counter_overflow Runtime1 stub}
  0x0000021049aa3f48: ffff e8b1 

  0x0000021049aa3f4c: ; ImmutableOopMap {rdx=Oop [120]=Oop [128]=Oop [136]=Oop [152]=Oop }
                      ;*synchronization entry
                      ; - java.net.URL::toString@-1
                      ; - java.lang.ClassLoader::defineClassSourceLocation@22
                      ; - java.lang.ClassLoader::defineClass@12
  0x0000021049aa3f4c: 071b 07e9 | d7fd ffff 

  0x0000021049aa3f54: ;   {metadata({method} {0x0000021000428650} 'toExternalForm' '()Ljava/lang/String;' in 'java/net/URL')}
  0x0000021049aa3f54: 49ba 4886 | 4200 1002 | 0000 4c89 | 5424 0848 | c704 24ff 

  0x0000021049aa3f68: ;   {runtime_call counter_overflow Runtime1 stub}
  0x0000021049aa3f68: ffff ffe8 

  0x0000021049aa3f6c: ; ImmutableOopMap {rdx=Oop [120]=Oop [128]=Oop [136]=Oop [152]=Oop }
                      ;*synchronization entry
                      ; - java.net.URL::toExternalForm@-1
                      ; - java.net.URL::toString@1
                      ; - java.lang.ClassLoader::defineClassSourceLocation@22
                      ; - java.lang.ClassLoader::defineClass@12
  0x0000021049aa3f6c: 9007 1b07 | e9f4 fdff 

  0x0000021049aa3f74: ;   {runtime_call throw_null_pointer_exception Runtime1 stub}
  0x0000021049aa3f74: ffe8 86a4 

  0x0000021049aa3f78: ; ImmutableOopMap {rdx=Oop rsi=Oop [120]=Oop [128]=Oop [136]=Oop [152]=Oop }
                      ;*invokevirtual toExternalForm {reexecute=0 rethrow=0 return_oop=0}
                      ; - java.net.URL::toExternalForm@5
                      ; - java.net.URL::toString@1
                      ; - java.lang.ClassLoader::defineClassSourceLocation@22
                      ; - java.lang.ClassLoader::defineClass@12
                      ;   {internal_word}
  0x0000021049aa3f78: 1a07 49ba | d43e aa49 | 1002 0000 | 4d89 9768 

  0x0000021049aa3f88: ;   {runtime_call SafepointBlob}
  0x0000021049aa3f88: 0400 00e9 | 700b 1007 | 498b 8700 | 0500 0049 | c787 0005 | 0000 0000 | 0000 49c7 | 8708 0500 
  0x0000021049aa3fa8: 0000 0000 | 0048 81c4 | b000 0000 

  0x0000021049aa3fb4: ;   {runtime_call unwind_exception Runtime1 stub}
  0x0000021049aa3fb4: 5de9 4689 | 1a07 f4f4 | f4f4 f4f4 
[Stub Code]
  0x0000021049aa3fc0: ;   {no_reloc}
  0x0000021049aa3fc0: 0f1f 4400 

  0x0000021049aa3fc4: ;   {static_stub}
  0x0000021049aa3fc4: 0048 bb00 | 0000 0000 

  0x0000021049aa3fcc: ;   {runtime_call nmethod}
  0x0000021049aa3fcc: 0000 00e9 | fbff ffff 

  0x0000021049aa3fd4: ;   {static_stub}
  0x0000021049aa3fd4: 48bb 0000 | 0000 0000 

  0x0000021049aa3fdc: ;   {runtime_call nmethod}
  0x0000021049aa3fdc: 0000 e9fb 

  0x0000021049aa3fe0: ;   {static_stub}
  0x0000021049aa3fe0: ffff ff48 | bb00 0000 | 0000 0000 

  0x0000021049aa3fec: ;   {runtime_call nmethod}
  0x0000021049aa3fec: 00e9 fbff 

  0x0000021049aa3ff0: ;   {static_stub}
  0x0000021049aa3ff0: ffff 48bb | 0000 0000 | 0000 0000 

  0x0000021049aa3ffc: ;   {runtime_call nmethod}
  0x0000021049aa3ffc: e9fb ffff 

  0x0000021049aa4000: ;   {runtime_call handle_exception_from_callee Runtime1 stub}
  0x0000021049aa4000: ffe8 fad0 

  0x0000021049aa4004: ;   {external_word}
  0x0000021049aa4004: 1a07 48b9 | 4063 e141 | fd7f 0000 | 4883 e4f0 

  0x0000021049aa4014: ;   {runtime_call}
  0x0000021049aa4014: 48b8 d0c4 | a341 fd7f | 0000 ffd0 

  0x0000021049aa4020: ;   {section_word}
  0x0000021049aa4020: f449 ba21 | 40aa 4910 | 0200 0041 

  0x0000021049aa402c: ;   {runtime_call DeoptimizationBlob}
  0x0000021049aa402c: 52e9 6efd | 0f07 f4f4 | f4f4 f4f4 
[/MachCode]


Compiled method (c1) 3895 2586   !   3       org.eclipse.osgi.internal.loader.BundleLoader::findClass0 (490 bytes)
 total in heap  [0x0000021049bfff10,0x0000021049c06af0] = 27616
 relocation     [0x0000021049c00070,0x0000021049c007c0] = 1872
 main code      [0x0000021049c007c0,0x0000021049c04f30] = 18288
 stub code      [0x0000021049c04f30,0x0000021049c05278] = 840
 oops           [0x0000021049c05278,0x0000021049c052b0] = 56
 metadata       [0x0000021049c052b0,0x0000021049c053c8] = 280
 scopes data    [0x0000021049c053c8,0x0000021049c05e58] = 2704
 scopes pcs     [0x0000021049c05e58,0x0000021049c06868] = 2576
 dependencies   [0x0000021049c06868,0x0000021049c068c0] = 88
 handler table  [0x0000021049c068c0,0x0000021049c069e0] = 288
 nul chk table  [0x0000021049c069e0,0x0000021049c06af0] = 272

[Constant Pool (empty)]

[MachCode]
[Entry Point]
  # {method} {0x000002106058cd28} 'findClass0' '(Ljava/lang/String;ZZ)Ljava/lang/Class;' in 'org/eclipse/osgi/internal/loader/BundleLoader'
  # this:     rdx:rdx   = 'org/eclipse/osgi/internal/loader/BundleLoader'
  # parm0:    r8:r8     = 'java/lang/String'
  # parm1:    r9        = boolean
  # parm2:    rdi       = boolean
  #           [sp+0x180]  (sp of caller)
  0x0000021049c007c0: 448b 5208 | 49bb 0000 | 0000 1002 | 0000 4d03 | d34c 3bd0 

  0x0000021049c007d4: ;   {runtime_call ic_miss_stub}
  0x0000021049c007d4: 0f85 a6dc | f906 660f | 1f44 0000 
[Verified Entry Point]
  0x0000021049c007e0: 8984 2400 | 80ff ff55 | 4881 ec70 | 0100 0090 | 4181 7f20 | 0100 0000 

  0x0000021049c007f8: ;   {runtime_call StubRoutines (final stubs)}
  0x0000021049c007f8: 7405 e8e1 | 81f8 0648 | 8994 24a8 | 0000 004c | 8984 24a0 | 0000 0044 | 898c 24b0 

  0x0000021049c00814: ;   {metadata(method data for {method} {0x000002106058cd28} 'findClass0' '(Ljava/lang/String;ZZ)Ljava/lang/Class;' in 'org/eclipse/osgi/internal/loader/BundleLoader')}
  0x0000021049c00814: 0000 0048 | bee8 178a | 6010 0200 | 008b 9ecc | 0000 0083 | c302 899e | cc00 0000 | 81e3 fe07 
  0x0000021049c00834: 0000 85db | 0f84 243d | 0000 4585 

  0x0000021049c00840: ;   {metadata(method data for {method} {0x000002106058cd28} 'findClass0' '(Ljava/lang/String;ZZ)Ljava/lang/Class;' in 'org/eclipse/osgi/internal/loader/BundleLoader')}
  0x0000021049c00840: c948 bee8 | 178a 6010 | 0200 0048 | c7c3 2001 | 0000 7507 | 48c7 c310 | 0100 0048 | 8b04 1e48 
  0x0000021049c00860: 8d40 0148 | 8904 1e0f | 850c 0000 | 0089 bc24 | b400 0000 | e9ec 0000 | 008b 7248 

  0x0000021049c0087c: ;   {metadata(method data for {method} {0x000002106058cd28} 'findClass0' '(Ljava/lang/String;ZZ)Ljava/lang/Class;' in 'org/eclipse/osgi/internal/loader/BundleLoader')}
  0x0000021049c0087c: 4885 f648 | bee8 178a | 6010 0200 | 0048 c7c3 | 3001 0000 | 7407 48c7 | c340 0100 | 0048 8b04 
  0x0000021049c0089c: 1e48 8d40 | 0148 8904 | 1e89 bc24 | b400 0000 | 0f84 b300 | 0000 493b | 0049 8bf0 

  0x0000021049c008b8: ;   {metadata(method data for {method} {0x000002106058cd28} 'findClass0' '(Ljava/lang/String;ZZ)Ljava/lang/Class;' in 'org/eclipse/osgi/internal/loader/BundleLoader')}
  0x0000021049c008b8: 48bb e817 | 8a60 1002 | 0000 4883 | 8350 0100 

  0x0000021049c008c8: ;   {metadata(method data for {method} {0x0000021000453928} 'startsWith' '(Ljava/lang/String;)Z' in 'java/lang/String')}
  0x0000021049c008c8: 0001 48be | 40ad 0860 | 1002 0000 | 8b9e cc00 | 0000 83c3 | 0289 9ecc | 0000 0081 | e3fe ff1f 
  0x0000021049c008e8: 0085 db0f | 8497 3c00 | 0049 8bf0 

  0x0000021049c008f4: ;   {metadata(method data for {method} {0x0000021000453928} 'startsWith' '(Ljava/lang/String;)Z' in 'java/lang/String')}
  0x0000021049c008f4: 48bb 40ad | 0860 1002 | 0000 4883 | 8310 0100 | 0001 498b 

  0x0000021049c00908: ;   {oop("java."{0x00000000800034d8})}
  0x0000021049c00908: f049 b8d8 | 3400 8000 | 0000 0041 | b900 0000 | 0048 8bd6 

  0x0000021049c0091c: ;   {optimized virtual_call}
  0x0000021049c0091c: 6666 90e8 

  0x0000021049c00920: ; ImmutableOopMap {[160]=Oop [168]=Oop }
                      ;*invokevirtual startsWith {reexecute=0 rethrow=0 return_oop=0}
                      ; - java.lang.String::startsWith@3
                      ; - org.eclipse.osgi.internal.loader.BundleLoader::findClass0@14 (line 466)
  0x0000021049c00920: 3c4c 7007 

  0x0000021049c00924: ;   {other}
  0x0000021049c00924: 0f1f 8400 | 140a 0000 | 83e0 0185 

  0x0000021049c00930: ;   {metadata(method data for {method} {0x000002106058cd28} 'findClass0' '(Ljava/lang/String;ZZ)Ljava/lang/Class;' in 'org/eclipse/osgi/internal/loader/BundleLoader')}
  0x0000021049c00930: c048 b9e8 | 178a 6010 | 0200 0049 | c7c0 9801 | 0000 7507 | 49c7 c088 | 0100 004e | 8b0c 014d 
  0x0000021049c00950: 8d49 014e | 890c 010f | 8549 3900 | 004c 8b84 | 24a0 0000 

  0x0000021049c00964: ;   {metadata(method data for {method} {0x000002106058cd28} 'findClass0' '(Ljava/lang/String;ZZ)Ljava/lang/Class;' in 'org/eclipse/osgi/internal/loader/BundleLoader')}
  0x0000021049c00964: 0048 b9e8 | 178a 6010 | 0200 0048 | 8381 e001 

  0x0000021049c00974: ;   {metadata(method data for {method} {0x000002106058b1d0} 'getPackageName' '(Ljava/lang/String;)Ljava/lang/String;' in 'org/eclipse/osgi/internal/loader/BundleLoader')}
  0x0000021049c00974: 0000 0148 | b9e8 3686 | 6010 0200 | 0044 8b89 | cc00 0000 | 4183 c102 | 4489 89cc | 0000 0041 
  0x0000021049c00994: 81e1 feff | 1f00 4585 | c90f 8406 | 3c00 004d 

  0x0000021049c009a4: ;   {metadata(method data for {method} {0x000002106058b1d0} 'getPackageName' '(Ljava/lang/String;)Ljava/lang/String;' in 'org/eclipse/osgi/internal/loader/BundleLoader')}
  0x0000021049c009a4: 85c0 48b9 | e836 8660 | 1002 0000 | 49c7 c110 | 0100 0074 | 0749 c7c1 | 2001 0000 | 4a8b 1409 
  0x0000021049c009c4: 488d 5201 | 4a89 1409 | 0f84 5801 | 0000 493b | 0049 8bc8 

  0x0000021049c009d8: ;   {metadata(method data for {method} {0x000002106058b1d0} 'getPackageName' '(Ljava/lang/String;)Ljava/lang/String;' in 'org/eclipse/osgi/internal/loader/BundleLoader')}
  0x0000021049c009d8: 49b9 e836 | 8660 1002 | 0000 4983 | 8130 0100 

  0x0000021049c009e8: ;   {metadata(method data for {method} {0x0000021000453820} 'lastIndexOf' '(I)I' in 'java/lang/String')}
  0x0000021049c009e8: 0001 48b9 | 4069 0560 | 1002 0000 | 448b 89cc | 0000 0041 | 83c1 0244 | 8989 cc00 | 0000 4181 
  0x0000021049c00a08: e1fe ff1f | 0045 85c9 | 0f84 b93b | 0000 498b 

  0x0000021049c00a18: ;   {metadata(method data for {method} {0x0000021000453820} 'lastIndexOf' '(I)I' in 'java/lang/String')}
  0x0000021049c00a18: c849 b940 | 6905 6010 | 0200 0049 | 8381 1001 

  0x0000021049c00a28: ;   {metadata(method data for {method} {0x000002100000ee90} 'length' '()I' in 'java/lang/String')}
  0x0000021049c00a28: 0000 0148 | b980 0701 | 6010 0200 | 0044 8b89 | cc00 0000 | 4183 c102 | 4489 89cc | 0000 0041 
  0x0000021049c00a48: 81e1 feff | 1f00 4585 | c90f 8499 | 3b00 0041 | 8b48 1444 | 8b49 0c49 

  0x0000021049c00a60: ;   {metadata(method data for {method} {0x000002100000ee90} 'length' '()I' in 'java/lang/String')}
  0x0000021049c00a60: 8bc8 48ba | 8007 0160 | 1002 0000 | 4883 8210 | 0100 0001 

  0x0000021049c00a74: ;   {metadata(method data for {method} {0x0000021000454b08} 'coder' '()B' in 'java/lang/String')}
  0x0000021049c00a74: 48b9 e8e5 | 0060 1002 | 0000 8b91 | cc00 0000 | 83c2 0289 | 91cc 0000 | 0081 e2fe | ff1f 0085 
  0x0000021049c00a94: d20f 847b 

  0x0000021049c00a98: ;   {metadata(method data for {method} {0x0000021000454b08} 'coder' '()B' in 'java/lang/String')}
  0x0000021049c00a98: 3b00 0048 | b9e8 e500 | 6010 0200 | 00ff 8120 | 0100 0041 | 0fbe 4810 

  0x0000021049c00ab0: ;   {metadata(method data for {method} {0x0000021000454b08} 'coder' '()B' in 'java/lang/String')}
  0x0000021049c00ab0: 48ba e8e5 | 0060 1002 | 0000 ff82 | 3001 0000 | c1e1 18c1 | f918 41d3 | f949 8bd0 

  0x0000021049c00acc: ;   {metadata(method data for {method} {0x0000021000453820} 'lastIndexOf' '(I)I' in 'java/lang/String')}
  0x0000021049c00acc: 48be 4069 | 0560 1002 | 0000 4883 | 8648 0100 | 0001 41ff | c949 8bf0 | 41b8 2e00 | 0000 488b 
  0x0000021049c00aec: ;   {optimized virtual_call}
  0x0000021049c00aec: d666 90e8 

  0x0000021049c00af0: ; ImmutableOopMap {[160]=Oop [168]=Oop }
                      ;*invokevirtual lastIndexOf {reexecute=0 rethrow=0 return_oop=0}
                      ; - java.lang.String::lastIndexOf@8
                      ; - org.eclipse.osgi.internal.loader.BundleLoader::getPackageName@7 (line 143)
                      ; - org.eclipse.osgi.internal.loader.BundleLoader::findClass0@30 (line 473)
  0x0000021049c00af0: 8c95 b7ff 

  0x0000021049c00af4: ;   {other}
  0x0000021049c00af4: 0f1f 8400 | e40b 0001 

  0x0000021049c00afc: ;   {metadata(method data for {method} {0x000002106058b1d0} 'getPackageName' '(Ljava/lang/String;)Ljava/lang/String;' in 'org/eclipse/osgi/internal/loader/BundleLoader')}
  0x0000021049c00afc: 85c0 49b8 | e836 8660 | 1002 0000 | 49c7 c178 | 0100 007f | 0749 c7c1 | 6801 0000 | 4b8b 1408 
  0x0000021049c00b1c: 488d 5201 | 4b89 1408 | 0f8f 0f00 

  0x0000021049c00b28: ;   {oop("."{0x0000000080001648})}
  0x0000021049c00b28: 0000 48be | 4816 0080 | 0000 0000 | e93e 0000 | 004c 8b84 | 24a0 0000 

  0x0000021049c00b40: ;   {metadata(method data for {method} {0x000002106058b1d0} 'getPackageName' '(Ljava/lang/String;)Ljava/lang/String;' in 'org/eclipse/osgi/internal/loader/BundleLoader')}
  0x0000021049c00b40: 0049 b9e8 | 3686 6010 | 0200 0049 | 8381 8801 | 0000 0141 | b800 0000 | 004c 8bc8 | 488b 9424 
  0x0000021049c00b60: a000 0000 

  0x0000021049c00b64: ;   {optimized virtual_call}
  0x0000021049c00b64: 6666 90e8 

  0x0000021049c00b68: ; ImmutableOopMap {[160]=Oop [168]=Oop }
                      ;*invokevirtual substring {reexecute=0 rethrow=0 return_oop=0}
                      ; - org.eclipse.osgi.internal.loader.BundleLoader::getPackageName@18 (line 145)
                      ; - org.eclipse.osgi.internal.loader.BundleLoader::findClass0@30 (line 473)
  0x0000021049c00b68: f40d f5ff 

  0x0000021049c00b6c: ;   {other}
  0x0000021049c00b6c: 0f1f 8400 | 5c0c 0002 | 488b f048 | 8b94 24a8 | 0000 0044 | 8b42 1849 | 3b00 498b 

  0x0000021049c00b88: ;   {metadata(method data for {method} {0x000002106058cd28} 'findClass0' '(Ljava/lang/String;ZZ)Ljava/lang/Class;' in 'org/eclipse/osgi/internal/loader/BundleLoader')}
  0x0000021049c00b88: f848 bbe8 | 178a 6010 

  0x0000021049c00b90: ;   {metadata('org/eclipse/osgi/internal/debug/Debug')}
  0x0000021049c00b90: 0200 0049 | ba80 0909 | 0110 0200 | 004c 8993 | 0002 0000 | 4883 8308 | 0200 0001 

  0x0000021049c00bac: ;   {metadata(method data for {method} {0x00000210604e54b8} 'loaderWithPackage' '(Ljava/lang/String;)Ljava/lang/String;' in 'org/eclipse/osgi/internal/debug/Debug')}
  0x0000021049c00bac: 48bf 3825 | 8a60 1002 | 0000 8b9f | cc00 0000 | 83c3 0289 | 9fcc 0000 | 0081 e3fe | ff1f 0085 
  0x0000021049c00bcc: db0f 8469 | 3a00 0041 | 0fbe 780e 

  0x0000021049c00bd8: ;   {metadata(method data for {method} {0x00000210604e54b8} 'loaderWithPackage' '(Ljava/lang/String;)Ljava/lang/String;' in 'org/eclipse/osgi/internal/debug/Debug')}
  0x0000021049c00bd8: 85ff 48bf | 3825 8a60 | 1002 0000 | 48c7 c310 | 0100 0074 | 0748 c7c3 | 2001 0000 | 488b 041f 
  0x0000021049c00bf8: 488d 4001 | 4889 041f | 0f84 1700 

  0x0000021049c00c04: ;   {oop("org.eclipse.osgi/debug/loader"{0x00000000d7547050})}
  0x0000021049c00c04: 0000 48bb | 5070 54d7 | 0000 0000 | 4889 b424 | b800 0000 | e94e 0100 | 0041 0fbe | 780f 85ff 
  0x0000021049c00c24: ;   {metadata(method data for {method} {0x00000210604e54b8} 'loaderWithPackage' '(Ljava/lang/String;)Ljava/lang/String;' in 'org/eclipse/osgi/internal/debug/Debug')}
  0x0000021049c00c24: 48bf 3825 | 8a60 1002 | 0000 48c7 | c340 0100 | 0075 0748 | c7c3 3001 | 0000 488b | 041f 488d 
  0x0000021049c00c44: 4001 4889 | 041f 0f85 | 0d00 0000 | 4889 b424 | b800 0000 | e9f5 0000 | 0041 8b78 | 2048 3b07 
  0x0000021049c00c64: ;   {metadata(method data for {method} {0x00000210604e54b8} 'loaderWithPackage' '(Ljava/lang/String;)Ljava/lang/String;' in 'org/eclipse/osgi/internal/debug/Debug')}
  0x0000021049c00c64: 4c8b c748 | bb38 258a | 6010 0200 | 0045 8b40 | 0849 ba00 | 0000 0010 | 0200 004d | 03c2 4c3b 
  0x0000021049c00c84: 8360 0100 | 0075 0d48 | 8383 6801 | 0000 01e9 | 6000 0000 | 4c3b 8370 | 0100 0075 | 0d48 8383 
  0x0000021049c00ca4: 7801 0000 | 01e9 4a00 | 0000 4883 | bb60 0100 | 0000 7517 | 4c89 8360 | 0100 0048 | c783 6801 
  0x0000021049c00cc4: 0000 0100 | 0000 e929 | 0000 0048 | 83bb 7001 | 0000 0075 | 174c 8983 | 7001 0000 | 48c7 8378 
  0x0000021049c00ce4: 0100 0001 | 0000 00e9 | 0800 0000 | 4883 8350 | 0100 0001 | 4c8b c648 | 8bd7 4889 | b424 b800 
  0x0000021049c00d04: 0000 0f1f | 8000 0000 | 0048 b858 | 711c 0010 

  0x0000021049c00d14: ;   {virtual_call}
  0x0000021049c00d14: 0200 00e8 

  0x0000021049c00d18: ; ImmutableOopMap {[160]=Oop [168]=Oop [184]=Oop }
                      ;*invokeinterface contains {reexecute=0 rethrow=0 return_oop=0}
                      ; - org.eclipse.osgi.internal.debug.Debug::loaderWithPackage@22 (line 275)
                      ; - org.eclipse.osgi.internal.loader.BundleLoader::findClass0@41 (line 474)
  0x0000021049c00d18: a4d3 feff 

  0x0000021049c00d1c: ;   {other}
  0x0000021049c00d1c: 0f1f 8400 | 0c0e 0003 

  0x0000021049c00d24: ;   {metadata(method data for {method} {0x00000210604e54b8} 'loaderWithPackage' '(Ljava/lang/String;)Ljava/lang/String;' in 'org/eclipse/osgi/internal/debug/Debug')}
  0x0000021049c00d24: 85c0 48ba | 3825 8a60 | 1002 0000 | 48c7 c698 | 0100 0075 | 0748 c7c6 | 8801 0000 | 488b 3c32 
  0x0000021049c00d44: 488d 7f01 | 4889 3c32 | 0f85 0f00 

  0x0000021049c00d50: ;   {oop(nullptr)}
  0x0000021049c00d50: 0000 48bb | 0000 0000 | 0000 0000 | e90a 0000 

  0x0000021049c00d60: ;   {oop("org.eclipse.osgi/debug/loader/packages"{0x00000000d7547000})}
  0x0000021049c00d60: 0048 bb00 | 7054 d700 | 0000 0048 

  0x0000021049c00d6c: ;   {metadata(method data for {method} {0x000002106058cd28} 'findClass0' '(Ljava/lang/String;ZZ)Ljava/lang/Class;' in 'org/eclipse/osgi/internal/loader/BundleLoader')}
  0x0000021049c00d6c: 85db 48ba | e817 8a60 | 1002 0000 | 48c7 c628 | 0200 0074 | 0748 c7c6 | 3802 0000 | 488b 3c32 
  0x0000021049c00d8c: 488d 7f01 | 4889 3c32 | 4889 9c24 | d000 0000 | 0f84 f208 | 0000 488b | 9424 a800 | 0000 448b 
  0x0000021049c00dac: 4a18 4c89 | 8c24 c800 

  0x0000021049c00db4: ;   {metadata('java/lang/StringBuilder')}
  0x0000021049c00db4: 0000 48ba | 4080 0000 | 1002 0000 | 498b 87b8 | 0100 0048 | 8d78 1849 | 3bbf c801 | 0000 0f87 
  0x0000021049c00dd4: 8a38 0000 | 4989 bfb8 | 0100 0048 | c700 0100 | 0000 488b | ca49 ba00 | 0000 0010 | 0200 0049 
  0x0000021049c00df4: 2bca 8948 | 0848 33c9 | 8948 0c48 | 33c9 4889 | 4810 4889 | 8424 c000 | 0000 4c8b 

  0x0000021049c00e10: ;   {metadata(method data for {method} {0x000002106058cd28} 'findClass0' '(Ljava/lang/String;ZZ)Ljava/lang/Class;' in 'org/eclipse/osgi/internal/loader/BundleLoader')}
  0x0000021049c00e10: c048 bae8 | 178a 6010 | 0200 0048 | 8382 4802 

  0x0000021049c00e20: ;   {metadata(method data for {method} {0x0000021000461898} '<init>' '(Ljava/lang/String;)V' in 'java/lang/StringBuilder')}
  0x0000021049c00e20: 0000 0149 | b8f0 4531 | 6010 0200 | 0041 8b90 | cc00 0000 | 83c2 0241 | 8990 cc00 | 0000 81e2 
  0x0000021049c00e40: feff 1f00 | 85d2 0f84 | 2338 0000 

  0x0000021049c00e4c: ;   {metadata(method data for {method} {0x0000021000461898} '<init>' '(Ljava/lang/String;)V' in 'java/lang/StringBuilder')}
  0x0000021049c00e4c: 4c8b c048 | baf0 4531 | 6010 0200 | 0048 8382 | 1001 0000 

  0x0000021049c00e60: ;   {oop("BundleLoader["{0x00000000801f6ba0})}
  0x0000021049c00e60: 0149 b8a0 | 6b1f 8000 | 0000 0048 

  0x0000021049c00e6c: ;   {optimized virtual_call}
  0x0000021049c00e6c: 8bd0 90e8 

  0x0000021049c00e70: ; ImmutableOopMap {[160]=Oop [168]=Oop [184]=Oop [192]=Oop [200]=Oop [208]=Oop }
                      ;*invokespecial <init> {reexecute=0 rethrow=0 return_oop=0}
                      ; - java.lang.StringBuilder::<init>@2
                      ; - org.eclipse.osgi.internal.loader.BundleLoader::findClass0@64 (line 476)
  0x0000021049c00e70: 0cd9 f906 

  0x0000021049c00e74: ;   {other}
  0x0000021049c00e74: 0f1f 8400 | 640f 0004 | 488b 8424 | c000 0000 

  0x0000021049c00e84: ;   {metadata(method data for {method} {0x000002106058cd28} 'findClass0' '(Ljava/lang/String;ZZ)Ljava/lang/Class;' in 'org/eclipse/osgi/internal/loader/BundleLoader')}
  0x0000021049c00e84: 48ba e817 | 8a60 1002 | 0000 4883 | 8258 0200 

  0x0000021049c00e94: ;   {metadata(method data for {method} {0x0000021000461630} 'append' '(Ljava/lang/Object;)Ljava/lang/StringBuilder;' in 'java/lang/StringBuilder')}
  0x0000021049c00e94: 0001 48ba | c07a 0960 | 1002 0000 | 8bb2 cc00 | 0000 83c6 | 0289 b2cc | 0000 0081 | e6fe ff1f 
  0x0000021049c00eb4: 0085 f60f | 84d3 3700 

  0x0000021049c00ebc: ;   {metadata(method data for {method} {0x0000021000461630} 'append' '(Ljava/lang/Object;)Ljava/lang/StringBuilder;' in 'java/lang/StringBuilder')}
  0x0000021049c00ebc: 0048 bac0 | 7a09 6010 | 0200 0048 | 8382 1001 

  0x0000021049c00ecc: ;   {metadata(method data for {method} {0x0000021000454d70} 'valueOf' '(Ljava/lang/Object;)Ljava/lang/String;' in 'java/lang/String')}
  0x0000021049c00ecc: 0000 0148 | ba60 7c09 | 6010 0200 | 008b b2cc | 0000 0083 | c602 89b2 | cc00 0000 | 81e6 feff 
  0x0000021049c00eec: 1f00 85f6 | 0f84 bb37 

  0x0000021049c00ef4: ;   {metadata(method data for {method} {0x0000021000454d70} 'valueOf' '(Ljava/lang/Object;)Ljava/lang/String;' in 'java/lang/String')}
  0x0000021049c00ef4: 0000 48ba | 607c 0960 | 1002 0000 | ff82 1001 | 0000 488b | 9424 a800 

  0x0000021049c00f0c: ;   {metadata(method data for {method} {0x0000021000454d70} 'valueOf' '(Ljava/lang/Object;)Ljava/lang/String;' in 'java/lang/String')}
  0x0000021049c00f0c: 0000 48be | 607c 0960 | 1002 0000 | 8b52 0849 | ba00 0000 | 0010 0200 | 0049 03d2 | 483b 9658 
  0x0000021049c00f2c: 0100 0075 | 0d48 8386 | 6001 0000 | 01e9 6000 | 0000 483b | 9668 0100 | 0075 0d48 | 8386 7001 
  0x0000021049c00f4c: 0000 01e9 | 4a00 0000 | 4883 be58 | 0100 0000 | 7517 4889 | 9658 0100 | 0048 c786 | 6001 0000 
  0x0000021049c00f6c: 0100 0000 | e929 0000 | 0048 83be | 6801 0000 | 0075 1748 | 8996 6801 | 0000 48c7 | 8670 0100 
  0x0000021049c00f8c: 0001 0000 | 00e9 0800 | 0000 4883 | 8648 0100 | 0001 488b | 9424 a800 

  0x0000021049c00fa4: ;   {optimized virtual_call}
  0x0000021049c00fa4: 0000 90e8 

  0x0000021049c00fa8: ; ImmutableOopMap {[160]=Oop [168]=Oop [184]=Oop [192]=Oop [200]=Oop [208]=Oop }
                      ;*invokevirtual toString {reexecute=0 rethrow=0 return_oop=0}
                      ; - java.lang.String::valueOf@11
                      ; - java.lang.StringBuilder::append@2
                      ; - org.eclipse.osgi.internal.loader.BundleLoader::findClass0@68 (line 476)
  0x0000021049c00fa8: d4d7 f906 

  0x0000021049c00fac: ;   {other}
  0x0000021049c00fac: 0f1f 8400 | 9c10 0005 | 4c8b 8424 | c000 0000 

  0x0000021049c00fbc: ;   {metadata(method data for {method} {0x0000021000461630} 'append' '(Ljava/lang/Object;)Ljava/lang/StringBuilder;' in 'java/lang/StringBuilder')}
  0x0000021049c00fbc: 48ba c07a | 0960 1002 | 0000 4883 | 8220 0100 

  0x0000021049c00fcc: ;   {metadata(method data for {method} {0x00000210004615d8} 'append' '(Ljava/lang/String;)Ljava/lang/StringBuilder;' in 'java/lang/StringBuilder')}
  0x0000021049c00fcc: 0001 49b8 | 20c7 0060 | 1002 0000 | 418b 90cc | 0000 0083 | c202 4189 | 90cc 0000 | 0081 e2fe 
  0x0000021049c00fec: ff1f 0085 | d20f 84db | 3600 004c | 8b84 24c0 

  0x0000021049c00ffc: ;   {metadata(method data for {method} {0x00000210004615d8} 'append' '(Ljava/lang/String;)Ljava/lang/StringBuilder;' in 'java/lang/StringBuilder')}
  0x0000021049c00ffc: 0000 0048 | ba20 c700 | 6010 0200 | 0048 8382 | 1001 0000 | 014c 8bc0 | 488b 9424 | c000 0000 
  0x0000021049c0101c: ;   {optimized virtual_call}
  0x0000021049c0101c: 6666 90e8 

  0x0000021049c01020: ; ImmutableOopMap {[160]=Oop [168]=Oop [184]=Oop [192]=Oop [200]=Oop [208]=Oop }
                      ;*invokespecial append {reexecute=0 rethrow=0 return_oop=0}
                      ; - java.lang.StringBuilder::append@2
                      ; - java.lang.StringBuilder::append@5
                      ; - org.eclipse.osgi.internal.loader.BundleLoader::findClass0@68 (line 476)
  0x0000021049c01020: 5cd7 f906 

  0x0000021049c01024: ;   {other}
  0x0000021049c01024: 0f1f 8400 | 1411 0006 | 488b 8424 | c000 0000 

  0x0000021049c01034: ;   {metadata(method data for {method} {0x000002106058cd28} 'findClass0' '(Ljava/lang/String;ZZ)Ljava/lang/Class;' in 'org/eclipse/osgi/internal/loader/BundleLoader')}
  0x0000021049c01034: 4c8b c048 | bae8 178a | 6010 0200 | 0048 8382 | 9002 0000 

  0x0000021049c01048: ;   {metadata(method data for {method} {0x00000210004615d8} 'append' '(Ljava/lang/String;)Ljava/lang/StringBuilder;' in 'java/lang/StringBuilder')}
  0x0000021049c01048: 0149 b820 | c700 6010 | 0200 0041 | 8b90 cc00 | 0000 83c2 | 0241 8990 | cc00 0000 | 81e2 feff 
  0x0000021049c01068: 1f00 85d2 | 0f84 8136 | 0000 4c8b 

  0x0000021049c01074: ;   {metadata(method data for {method} {0x00000210004615d8} 'append' '(Ljava/lang/String;)Ljava/lang/StringBuilder;' in 'java/lang/StringBuilder')}
  0x0000021049c01074: c048 ba20 | c700 6010 | 0200 0048 | 8382 1001 

  0x0000021049c01084: ;   {oop("].findClass("{0x0000000080613e88})}
  0x0000021049c01084: 0000 0149 | b888 3e61 | 8000 0000 | 0048 8bd0 

  0x0000021049c01094: ;   {optimized virtual_call}
  0x0000021049c01094: 6666 90e8 

  0x0000021049c01098: ; ImmutableOopMap {[160]=Oop [168]=Oop [184]=Oop [192]=Oop [200]=Oop [208]=Oop }
                      ;*invokespecial append {reexecute=0 rethrow=0 return_oop=0}
                      ; - java.lang.StringBuilder::append@2
                      ; - org.eclipse.osgi.internal.loader.BundleLoader::findClass0@74 (line 476)
  0x0000021049c01098: e4d6 f906 

  0x0000021049c0109c: ;   {other}
  0x0000021049c0109c: 0f1f 8400 | 8c11 0007 | 488b 8424 | c000 0000 

  0x0000021049c010ac: ;   {metadata(method data for {method} {0x000002106058cd28} 'findClass0' '(Ljava/lang/String;ZZ)Ljava/lang/Class;' in 'org/eclipse/osgi/internal/loader/BundleLoader')}
  0x0000021049c010ac: 49b8 e817 | 8a60 1002 | 0000 4983 | 80c8 0200 

  0x0000021049c010bc: ;   {metadata(method data for {method} {0x00000210004615d8} 'append' '(Ljava/lang/String;)Ljava/lang/StringBuilder;' in 'java/lang/StringBuilder')}
  0x0000021049c010bc: 0001 49b8 | 20c7 0060 | 1002 0000 | 418b 90cc | 0000 0083 | c202 4189 | 90cc 0000 | 0081 e2fe 
  0x0000021049c010dc: ff1f 0085 | d20f 842d | 3600 0048 | 8b84 24c0 

  0x0000021049c010ec: ;   {metadata(method data for {method} {0x00000210004615d8} 'append' '(Ljava/lang/String;)Ljava/lang/StringBuilder;' in 'java/lang/StringBuilder')}
  0x0000021049c010ec: 0000 0049 | b820 c700 | 6010 0200 | 0049 8380 | 1001 0000 | 014c 8b84 | 24a0 0000 | 0048 8b94 
  0x0000021049c0110c: 24c0 0000 | 0066 0f1f 

  0x0000021049c01114: ;   {optimized virtual_call}
  0x0000021049c01114: 4400 00e8 

  0x0000021049c01118: ; ImmutableOopMap {[160]=Oop [168]=Oop [184]=Oop [192]=Oop [200]=Oop [208]=Oop }
                      ;*invokespecial append {reexecute=0 rethrow=0 return_oop=0}
                      ; - java.lang.StringBuilder::append@2
                      ; - org.eclipse.osgi.internal.loader.BundleLoader::findClass0@78 (line 476)
  0x0000021049c01118: 64d6 f906 

  0x0000021049c0111c: ;   {other}
  0x0000021049c0111c: 0f1f 8400 | 0c12 0008 | 488b 8424 | c000 0000 

  0x0000021049c0112c: ;   {metadata(method data for {method} {0x000002106058cd28} 'findClass0' '(Ljava/lang/String;ZZ)Ljava/lang/Class;' in 'org/eclipse/osgi/internal/loader/BundleLoader')}
  0x0000021049c0112c: 49b8 e817 | 8a60 1002 | 0000 4983 | 8000 0300 

  0x0000021049c0113c: ;   {metadata(method data for {method} {0x00000210004615d8} 'append' '(Ljava/lang/String;)Ljava/lang/StringBuilder;' in 'java/lang/StringBuilder')}
  0x0000021049c0113c: 0001 49b8 | 20c7 0060 | 1002 0000 | 418b 90cc | 0000 0083 | c202 4189 | 90cc 0000 | 0081 e2fe 
  0x0000021049c0115c: ff1f 0085 | d20f 84ce | 3500 0048 | 8b84 24c0 

  0x0000021049c0116c: ;   {metadata(method data for {method} {0x00000210004615d8} 'append' '(Ljava/lang/String;)Ljava/lang/StringBuilder;' in 'java/lang/StringBuilder')}
  0x0000021049c0116c: 0000 0049 | b820 c700 | 6010 0200 | 0049 8380 | 1001 0000 

  0x0000021049c01180: ;   {oop(")"{0x00000000800008e0})}
  0x0000021049c01180: 0149 b8e0 | 0800 8000 | 0000 0048 | 8b94 24c0 | 0000 000f 

  0x0000021049c01194: ;   {optimized virtual_call}
  0x0000021049c01194: 1f40 00e8 

  0x0000021049c01198: ; ImmutableOopMap {[160]=Oop [168]=Oop [184]=Oop [192]=Oop [200]=Oop [208]=Oop }
                      ;*invokespecial append {reexecute=0 rethrow=0 return_oop=0}
                      ; - java.lang.StringBuilder::append@2
                      ; - org.eclipse.osgi.internal.loader.BundleLoader::findClass0@84 (line 476)
  0x0000021049c01198: e4d5 f906 

  0x0000021049c0119c: ;   {other}
  0x0000021049c0119c: 0f1f 8400 | 8c12 0009 | 488b 8424 | c000 0000 

  0x0000021049c011ac: ;   {metadata(method data for {method} {0x000002106058cd28} 'findClass0' '(Ljava/lang/String;ZZ)Ljava/lang/Class;' in 'org/eclipse/osgi/internal/loader/BundleLoader')}
  0x0000021049c011ac: 48ba e817 | 8a60 1002 | 0000 4883 | 8238 0300 

  0x0000021049c011bc: ;   {metadata(method data for {method} {0x0000021000008958} 'toString' '()Ljava/lang/String;' in 'java/lang/StringBuilder')}
  0x0000021049c011bc: 0001 48ba | 48ce 0060 | 1002 0000 | 8bb2 cc00 | 0000 83c6 | 0289 b2cc | 0000 0081 | e6fe ff1f 
  0x0000021049c011dc: 0085 f60f | 8471 3500 

  0x0000021049c011e4: ;   {metadata('java/lang/String')}
  0x0000021049c011e4: 0048 ba78 | e800 0010 | 0200 0049 | 8b87 b801 | 0000 488d | 7818 493b | bfc8 0100 | 000f 8770 
  0x0000021049c01204: 3500 0049 | 89bf b801 | 0000 48c7 | 0001 0000 | 0048 8bca | 49ba 0000 | 0000 1002 | 0000 492b 
  0x0000021049c01224: ca89 4808 | 4833 c989 | 480c 4833 | c948 8948 | 104c 8bc0 

  0x0000021049c01238: ;   {metadata(method data for {method} {0x0000021000008958} 'toString' '()Ljava/lang/String;' in 'java/lang/StringBuilder')}
  0x0000021049c01238: 49b9 48ce | 0060 1002 | 0000 4983 | 8110 0100 

  0x0000021049c01248: ;   {metadata(method data for {method} {0x00000210004558c8} '<init>' '(Ljava/lang/StringBuilder;)V' in 'java/lang/String')}
  0x0000021049c01248: 0001 49b8 | 90cf 0060 | 1002 0000 | 458b 88cc | 0000 0041 | 83c1 0245 | 8988 cc00 | 0000 4181 
  0x0000021049c01268: e1fe ff1f | 0045 85c9 | 0f84 0e35 | 0000 4c8b 

  0x0000021049c01278: ;   {metadata(method data for {method} {0x00000210004558c8} '<init>' '(Ljava/lang/StringBuilder;)V' in 'java/lang/String')}
  0x0000021049c01278: c049 b990 | cf00 6010 | 0200 0049 | 8381 1001 | 0000 014c | 8b84 24c0 

  0x0000021049c01290: ;   {oop(nullptr)}
  0x0000021049c01290: 0000 0049 | b900 0000 | 0000 0000 | 0048 8bd0 | 4889 8424 | d800 0000 | 0f1f 8000 

  0x0000021049c012ac: ;   {optimized virtual_call}
  0x0000021049c012ac: 0000 00e8 

  0x0000021049c012b0: ; ImmutableOopMap {[160]=Oop [168]=Oop [184]=Oop [200]=Oop [208]=Oop [216]=Oop }
                      ;*invokespecial <init> {reexecute=0 rethrow=0 return_oop=0}
                      ; - java.lang.String::<init>@3
                      ; - java.lang.StringBuilder::toString@5
                      ; - org.eclipse.osgi.internal.loader.BundleLoader::findClass0@87 (line 476)
  0x0000021049c012b0: ccd4 f906 

  0x0000021049c012b4: ;   {other}
  0x0000021049c012b4: 0f1f 8400 | a413 000a | 4c8b 8c24 | c800 0000 

  0x0000021049c012c4: ; implicit exception: dispatches to 0x0000021049c047a5
  0x0000021049c012c4: 493b 014d 

  0x0000021049c012c8: ;   {metadata(method data for {method} {0x000002106058cd28} 'findClass0' '(Ljava/lang/String;ZZ)Ljava/lang/Class;' in 'org/eclipse/osgi/internal/loader/BundleLoader')}
  0x0000021049c012c8: 8bc1 48ba | e817 8a60 | 1002 0000 

  0x0000021049c012d4: ;   {metadata('org/eclipse/osgi/internal/debug/Debug')}
  0x0000021049c012d4: 49ba 8009 | 0901 1002 | 0000 4c89 | 9280 0300 | 0048 8382 | 8803 0000 

  0x0000021049c012ec: ;   {metadata(method data for {method} {0x00000210604e53d0} 'trace' '(Ljava/lang/String;Ljava/lang/String;)V' in 'org/eclipse/osgi/internal/debug/Debug')}
  0x0000021049c012ec: 0149 b860 | d683 6010 | 0200 0041 | 8b90 cc00 | 0000 83c2 | 0241 8990 | cc00 0000 | 81e2 feff 
  0x0000021049c0130c: 1f00 85d2 | 0f84 9434 | 0000 418b | 5124 4885 

  0x0000021049c0131c: ;   {metadata(method data for {method} {0x00000210604e53d0} 'trace' '(Ljava/lang/String;Ljava/lang/String;)V' in 'org/eclipse/osgi/internal/debug/Debug')}
  0x0000021049c0131c: d249 b860 | d683 6010 | 0200 0049 | c7c1 1001 | 0000 7407 | 49c7 c120 | 0100 004b | 8b34 0848 
  0x0000021049c0133c: 8d76 014b | 8934 080f | 84f9 0200 | 0048 85d2 | 0f84 2900 

  0x0000021049c01350: ;   {metadata('org/eclipse/osgi/internal/log/ExtendedLogServiceImpl')}
  0x0000021049c01350: 0000 48bf | 4056 0901 | 1002 0000 | 8b72 0849 | ba00 0000 | 0010 0200 | 0049 03f2 | 483b 7e38 
  0x0000021049c01370: 0f85 5534 | 0000 e900 | 0000 004c | 8bc2 483b | 024c 8bc2 

  0x0000021049c01384: ;   {metadata(method data for {method} {0x00000210604e53d0} 'trace' '(Ljava/lang/String;Ljava/lang/String;)V' in 'org/eclipse/osgi/internal/debug/Debug')}
  0x0000021049c01384: 49b9 60d6 | 8360 1002 

  0x0000021049c0138c: ;   {metadata('org/eclipse/osgi/internal/log/ExtendedLogServiceImpl')}
  0x0000021049c0138c: 0000 49ba | 4056 0901 | 1002 0000 | 4d89 9140 | 0100 0049 | 8381 4801 

  0x0000021049c013a4: ;   {metadata(method data for {method} {0x000002106050ca80} 'getLogger' '(Ljava/lang/String;)Lorg/osgi/service/log/Logger;' in 'org/eclipse/osgi/internal/log/ExtendedLogServiceImpl')}
  0x0000021049c013a4: 0000 0149 | b8a0 d883 | 6010 0200 | 0045 8b88 | cc00 0000 | 4183 c102 | 4589 88cc | 0000 0041 
  0x0000021049c013c4: 81e1 feff | 1f00 4585 | c90f 8402 | 3400 004c 

  0x0000021049c013d4: ;   {metadata(method data for {method} {0x000002106050ca80} 'getLogger' '(Ljava/lang/String;)Lorg/osgi/service/log/Logger;' in 'org/eclipse/osgi/internal/log/ExtendedLogServiceImpl')}
  0x0000021049c013d4: 8bc2 49b9 | a0d8 8360 | 1002 0000 

  0x0000021049c013e0: ;   {metadata('org/eclipse/osgi/internal/log/ExtendedLogServiceImpl')}
  0x0000021049c013e0: 49ba 4056 | 0901 1002 | 0000 4d89 | 9120 0100 | 0049 8381 | 2801 0000 

  0x0000021049c013f8: ;   {metadata(method data for {method} {0x000002106050a308} 'getLogger' '(Ljava/lang/String;)Lorg/eclipse/equinox/log/Logger;' in 'org/eclipse/osgi/internal/log/ExtendedLogServiceImpl')}
  0x0000021049c013f8: 0149 b830 | da83 6010 | 0200 0045 | 8b88 cc00 | 0000 4183 | c102 4589 | 88cc 0000 | 0041 81e1 
  0x0000021049c01418: feff 1f00 | 4585 c90f | 84d1 3300 | 004c 8bc2 

  0x0000021049c01428: ;   {metadata(method data for {method} {0x000002106050a308} 'getLogger' '(Ljava/lang/String;)Lorg/eclipse/equinox/log/Logger;' in 'org/eclipse/osgi/internal/log/ExtendedLogServiceImpl')}
  0x0000021049c01428: 49b9 30da | 8360 1002 

  0x0000021049c01430: ;   {metadata('org/eclipse/osgi/internal/log/ExtendedLogServiceImpl')}
  0x0000021049c01430: 0000 49ba | 4056 0901 | 1002 0000 | 4d89 9120 | 0100 0049 | 8381 2801 | 0000 014c | 8b84 24d0 
  0x0000021049c01450: ;   {oop(a 'java/lang/Class'{0x00000000d7544290} = 'org/osgi/service/log/Logger')}
  0x0000021049c01450: 0000 0049 | b990 4254 | d700 0000 

  0x0000021049c0145c: ;   {optimized virtual_call}
  0x0000021049c0145c: 0066 90e8 

  0x0000021049c01460: ; ImmutableOopMap {[160]=Oop [168]=Oop [184]=Oop [208]=Oop [216]=Oop }
                      ;*invokevirtual getLogger {reexecute=0 rethrow=0 return_oop=0}
                      ; - org.eclipse.osgi.internal.log.ExtendedLogServiceImpl::getLogger@4 (line 73)
                      ; - org.eclipse.osgi.internal.log.ExtendedLogServiceImpl::getLogger@2 (line 1)
                      ; - org.eclipse.osgi.internal.debug.Debug::trace@11 (line 265)
                      ; - org.eclipse.osgi.internal.loader.BundleLoader::findClass0@90 (line 476)
  0x0000021049c01460: 1cd3 f906 

  0x0000021049c01464: ;   {other}
  0x0000021049c01464: 0f1f 8400 | 5415 000b | 4885 c075 

  0x0000021049c01470: ;   {metadata(method data for {method} {0x000002106050a308} 'getLogger' '(Ljava/lang/String;)Lorg/eclipse/equinox/log/Logger;' in 'org/eclipse/osgi/internal/log/ExtendedLogServiceImpl')}
  0x0000021049c01470: 1648 be30 | da83 6010 | 0200 0080 | 8e41 0100 | 0001 e9e7 

  0x0000021049c01484: ;   {metadata('org/eclipse/equinox/log/Logger')}
  0x0000021049c01484: 0000 0048 | bff8 2909 | 0110 0200 | 008b 7008 | 49ba 0000 | 0000 1002 | 0000 4903 | f248 3b7e 
  0x0000021049c014a4: 200f 841a | 0000 0048 | 3bf7 0f84 | 1100 0000 

  0x0000021049c014b4: ;   {runtime_call slow_subtype_check Runtime1 stub}
  0x0000021049c014b4: 5657 e845 | 0805 075e | 5e85 f60f | 848d 0000 

  0x0000021049c014c4: ;   {metadata(method data for {method} {0x000002106050a308} 'getLogger' '(Ljava/lang/String;)Lorg/eclipse/equinox/log/Logger;' in 'org/eclipse/osgi/internal/log/ExtendedLogServiceImpl')}
  0x0000021049c014c4: 0048 be30 | da83 6010 | 0200 008b | 7808 49ba | 0000 0000 | 1002 0000 | 4903 fa48 | 3bbe 5801 
  0x0000021049c014e4: 0000 750d | 4883 8660 | 0100 0001 | e979 0000 | 0048 3bbe | 6801 0000 | 750d 4883 | 8670 0100 
  0x0000021049c01504: 0001 e963 | 0000 0048 | 83be 5801 | 0000 0075 | 1748 89be | 5801 0000 | 48c7 8660 | 0100 0001 
  0x0000021049c01524: 0000 00e9 | 4200 0000 | 4883 be68 | 0100 0000 | 7517 4889 | be68 0100 | 0048 c786 | 7001 0000 
  0x0000021049c01544: 0100 0000 | e921 0000 | 00e9 1c00 

  0x0000021049c01550: ;   {metadata(method data for {method} {0x000002106050a308} 'getLogger' '(Ljava/lang/String;)Lorg/eclipse/equinox/log/Logger;' in 'org/eclipse/osgi/internal/log/ExtendedLogServiceImpl')}
  0x0000021049c01550: 0000 48be | 30da 8360 | 1002 0000 | 4883 ae48 | 0100 0001 | e9ae 3200 | 00e9 0000 | 0000 488b 
  0x0000021049c01570: d048 3b02 

  0x0000021049c01574: ;   {metadata(method data for {method} {0x00000210604e53d0} 'trace' '(Ljava/lang/String;Ljava/lang/String;)V' in 'org/eclipse/osgi/internal/debug/Debug')}
  0x0000021049c01574: 4c8b c248 | be60 d683 | 6010 0200 | 0045 8b40 | 0849 ba00 | 0000 0010 | 0200 004d | 03c2 4c3b 
  0x0000021049c01594: 8678 0100 | 0075 0d48 | 8386 8001 | 0000 01e9 | 6000 0000 | 4c3b 8688 | 0100 0075 | 0d48 8386 
  0x0000021049c015b4: 9001 0000 | 01e9 4a00 | 0000 4883 | be78 0100 | 0000 7517 | 4c89 8678 | 0100 0048 | c786 8001 
  0x0000021049c015d4: 0000 0100 | 0000 e929 | 0000 0048 | 83be 8801 | 0000 0075 | 174c 8986 | 8801 0000 | 48c7 8690 
  0x0000021049c015f4: 0100 0001 | 0000 00e9 | 0800 0000 | 4883 8668 | 0100 0001 | 4c8b 8424 | d800 0000 | 0f1f 4400 
  0x0000021049c01614: 0048 b8ff | ffff ffff 

  0x0000021049c0161c: ;   {virtual_call}
  0x0000021049c0161c: ffff ffe8 

  0x0000021049c01620: ; ImmutableOopMap {[160]=Oop [168]=Oop [184]=Oop [208]=Oop }
                      ;*invokeinterface debug {reexecute=0 rethrow=0 return_oop=0}
                      ; - org.eclipse.osgi.internal.debug.Debug::trace@17 (line 265)
                      ; - org.eclipse.osgi.internal.loader.BundleLoader::findClass0@90 (line 476)
  0x0000021049c01620: 5cd4 f906 

  0x0000021049c01624: ;   {other}
  0x0000021049c01624: 0f1f 8400 | 1417 000c 

  0x0000021049c0162c: ;   {metadata(method data for {method} {0x00000210604e53d0} 'trace' '(Ljava/lang/String;Ljava/lang/String;)V' in 'org/eclipse/osgi/internal/debug/Debug')}
  0x0000021049c0162c: 49b8 60d6 | 8360 1002 | 0000 41ff | 80a0 0100 | 00e9 5200 | 0000 488b | 8424 d800 

  0x0000021049c01648: ;   {oop(a 'java/lang/Class'{0x00000000d7545540} = 'org/eclipse/osgi/internal/debug/Debug')}
  0x0000021049c01648: 0000 49b8 | 4055 54d7 | 0000 0000 | 418b 90d0 | 0000 0048 | 3b02 4c8b 

  0x0000021049c01660: ;   {metadata(method data for {method} {0x00000210604e53d0} 'trace' '(Ljava/lang/String;Ljava/lang/String;)V' in 'org/eclipse/osgi/internal/debug/Debug')}
  0x0000021049c01660: c248 be60 | d683 6010 

  0x0000021049c01668: ;   {metadata('java/io/PrintStream')}
  0x0000021049c01668: 0200 0049 | bac8 a300 | 0010 0200 | 004c 8996 | c801 0000 | 4883 86d0 | 0100 0001 

  0x0000021049c01684: ;   {optimized virtual_call}
  0x0000021049c01684: 4c8b c0e8 

  0x0000021049c01688: ; ImmutableOopMap {[160]=Oop [168]=Oop [184]=Oop [208]=Oop }
                      ;*invokevirtual println {reexecute=0 rethrow=0 return_oop=0}
                      ; - org.eclipse.osgi.internal.debug.Debug::trace@29 (line 267)
                      ; - org.eclipse.osgi.internal.loader.BundleLoader::findClass0@90 (line 476)
  0x0000021049c01688: f4d0 f906 

  0x0000021049c0168c: ;   {other}
  0x0000021049c0168c: 0f1f 8400 | 7c17 000d | 448b 8c24 | b000 0000 

  0x0000021049c0169c: ;   {metadata(method data for {method} {0x000002106058cd28} 'findClass0' '(Ljava/lang/String;ZZ)Ljava/lang/Class;' in 'org/eclipse/osgi/internal/loader/BundleLoader')}
  0x0000021049c0169c: 4585 c949 | b8e8 178a | 6010 0200 | 0048 c7c2 | b803 0000 | 7507 48c7 | c2a8 0300 | 0049 8b34 
  0x0000021049c016bc: 1048 8d76 | 0149 8934 | 100f 850a | 0000 00be | 0000 0000 | e98d 0200 | 0048 8b94 | 24a8 0000 
  0x0000021049c016dc: 0044 8b42 | 484d 85c0 

  0x0000021049c016e4: ;   {metadata(method data for {method} {0x000002106058cd28} 'findClass0' '(Ljava/lang/String;ZZ)Ljava/lang/Class;' in 'org/eclipse/osgi/internal/loader/BundleLoader')}
  0x0000021049c016e4: 49b8 e817 | 8a60 1002 | 0000 48c7 | c6d8 0300 | 0075 0748 | c7c6 c803 | 0000 498b | 3c30 488d 
  0x0000021049c01704: 7f01 4989 | 3c30 0f85 | 0a00 0000 | be00 0000 | 00e9 4802 | 0000 8b72 | 1448 3b06 

  0x0000021049c01720: ;   {metadata(method data for {method} {0x000002106058cd28} 'findClass0' '(Ljava/lang/String;ZZ)Ljava/lang/Class;' in 'org/eclipse/osgi/internal/loader/BundleLoader')}
  0x0000021049c01720: 4c8b c648 | bfe8 178a | 6010 0200 

  0x0000021049c0172c: ;   {metadata('org/eclipse/osgi/internal/framework/EquinoxContainer')}
  0x0000021049c0172c: 0049 ba00 | b008 0110 | 0200 004c | 8997 f803 | 0000 4883 | 8700 0400 | 0001 4c8b | 8424 b800 
  0x0000021049c0174c: 0000 488b | d666 0f1f 

  0x0000021049c01754: ;   {optimized virtual_call}
  0x0000021049c01754: 4400 00e8 

  0x0000021049c01758: ; ImmutableOopMap {[160]=Oop [168]=Oop [184]=Oop [208]=Oop }
                      ;*invokevirtual isBootDelegationPackage {reexecute=0 rethrow=0 return_oop=0}
                      ; - org.eclipse.osgi.internal.loader.BundleLoader::findClass0@113 (line 480)
  0x0000021049c01758: 6938 0000 

  0x0000021049c0175c: ;   {other}
  0x0000021049c0175c: 0f1f 8400 | 4c18 000e 

  0x0000021049c01764: ;   {metadata(method data for {method} {0x000002106058cd28} 'findClass0' '(Ljava/lang/String;ZZ)Ljava/lang/Class;' in 'org/eclipse/osgi/internal/loader/BundleLoader')}
  0x0000021049c01764: 85c0 49b8 | e817 8a60 | 1002 0000 | 49c7 c130 | 0400 0075 | 0749 c7c1 | 2004 0000 | 4b8b 1408 
  0x0000021049c01784: 488d 5201 | 4b89 1408 | 0f85 0a00 | 0000 be00 | 0000 00e9 | c601 0000 | 488b 9424 | a800 0000 
  0x0000021049c017a4: 8b72 4848 | 3b06 4c8b 

  0x0000021049c017ac: ;   {metadata(method data for {method} {0x000002106058cd28} 'findClass0' '(Ljava/lang/String;ZZ)Ljava/lang/Class;' in 'org/eclipse/osgi/internal/loader/BundleLoader')}
  0x0000021049c017ac: c649 b9e8 | 178a 6010 | 0200 0045 | 8b40 0849 | ba00 0000 | 0010 0200 | 004d 03c2 | 4d3b 8150 
  0x0000021049c017cc: 0400 0075 | 0d49 8381 | 5804 0000 | 01e9 6000 | 0000 4d3b | 8160 0400 | 0075 0d49 | 8381 6804 
  0x0000021049c017ec: 0000 01e9 | 4a00 0000 | 4983 b950 | 0400 0000 | 7517 4d89 | 8150 0400 | 0049 c781 | 5804 0000 
  0x0000021049c0180c: 0100 0000 | e929 0000 | 0049 83b9 | 6004 0000 | 0075 174d | 8981 6004 | 0000 49c7 | 8168 0400 
  0x0000021049c0182c: 0001 0000 | 00e9 0800 | 0000 4983 | 8140 0400 

  0x0000021049c0183c: ;   {metadata(method data for {method} {0x00000210000143f0} 'loadClass' '(Ljava/lang/String;)Ljava/lang/Class;' in 'java/lang/ClassLoader')}
  0x0000021049c0183c: 0001 49b8 | c858 2b60 | 1002 0000 | 458b 88cc | 0000 0041 | 83c1 0245 | 8988 cc00 | 0000 4181 
  0x0000021049c0185c: e1fe ff1f | 0045 85c9 | 0f84 ca2f | 0000 4c8b 

  0x0000021049c0186c: ;   {metadata(method data for {method} {0x00000210000143f0} 'loadClass' '(Ljava/lang/String;)Ljava/lang/Class;' in 'java/lang/ClassLoader')}
  0x0000021049c0186c: c649 b9c8 | 582b 6010 | 0200 0045 | 8b40 0849 | ba00 0000 | 0010 0200 | 004d 03c2 | 4d3b 8120 
  0x0000021049c0188c: 0100 0075 | 0d49 8381 | 2801 0000 | 01e9 6000 | 0000 4d3b | 8130 0100 | 0075 0d49 | 8381 3801 
  0x0000021049c018ac: 0000 01e9 | 4a00 0000 | 4983 b920 | 0100 0000 | 7517 4d89 | 8120 0100 | 0049 c781 | 2801 0000 
  0x0000021049c018cc: 0100 0000 | e929 0000 | 0049 83b9 | 3001 0000 | 0075 174d | 8981 3001 | 0000 49c7 | 8138 0100 
  0x0000021049c018ec: 0001 0000 | 00e9 0800 | 0000 4983 | 8110 0100 | 0001 4c8b | 8424 a000 | 0000 41b9 | 0000 0000 
  0x0000021049c0190c: 488b d666 | 0f1f 4400 | 0048 b8ff | ffff ffff 

  0x0000021049c0191c: ;   {virtual_call}
  0x0000021049c0191c: ffff ffe8 

  0x0000021049c01920: ; ImmutableOopMap {[160]=Oop [168]=Oop [184]=Oop [208]=Oop }
                      ;*invokevirtual loadClass {reexecute=0 rethrow=0 return_oop=0}
                      ; - java.lang.ClassLoader::loadClass@3
                      ; - org.eclipse.osgi.internal.loader.BundleLoader::findClass0@124 (line 484)
  0x0000021049c01920: 5cd1 f906 

  0x0000021049c01924: ;   {other}
  0x0000021049c01924: 0f1f 8400 | 141a 000f | 4881 c470 | 0100 005d 

  0x0000021049c01934: ;   {poll_return}
  0x0000021049c01934: 493b a750 | 0400 000f | 8714 2f00 | 00c3 498b | 8700 0500 | 004d 33d2 | 4d89 9700 | 0500 004d 
  0x0000021049c01954: 33d2 4d89 | 9708 0500 | 00be 0100 | 0000 89b4 | 24e0 0000 | 0048 8b94 | 24a8 0000 

  0x0000021049c01970: ;   {metadata(method data for {method} {0x000002106058cd28} 'findClass0' '(Ljava/lang/String;ZZ)Ljava/lang/Class;' in 'org/eclipse/osgi/internal/loader/BundleLoader')}
  0x0000021049c01970: 0049 b8e8 | 178a 6010 | 0200 0049 | 8380 7804 | 0000 014c | 8b84 24a0 | 0000 0041 | b901 0000 
  0x0000021049c01990: 0048 8b94 | 24a8 0000 | 0066 0f1f 

  0x0000021049c0199c: ;   {optimized virtual_call}
  0x0000021049c0199c: 4400 00e8 

  0x0000021049c019a0: ; ImmutableOopMap {[160]=Oop [168]=Oop [184]=Oop [208]=Oop }
                      ;*invokespecial searchHooks {reexecute=0 rethrow=0 return_oop=0}
                      ; - org.eclipse.osgi.internal.loader.BundleLoader::findClass0@139 (line 492)
  0x0000021049c019a0: 1b38 0000 

  0x0000021049c019a4: ;   {other}
  0x0000021049c019a4: 0f1f 8400 | 941a 0010 | 4885 c075 

  0x0000021049c019b0: ;   {metadata(method data for {method} {0x000002106058cd28} 'findClass0' '(Ljava/lang/String;ZZ)Ljava/lang/Class;' in 'org/eclipse/osgi/internal/loader/BundleLoader')}
  0x0000021049c019b0: 1648 bae8 | 178a 6010 | 0200 0080 | 8a81 0400 | 0001 e9cd 

  0x0000021049c019c4: ;   {metadata('java/lang/Class')}
  0x0000021049c019c4: 0000 0048 | be50 6b00 | 0010 0200 | 0044 8b40 | 0849 ba00 | 0000 0010 | 0200 004d | 03c2 493b 
  0x0000021049c019e4: f00f 858d 

  0x0000021049c019e8: ;   {metadata(method data for {method} {0x000002106058cd28} 'findClass0' '(Ljava/lang/String;ZZ)Ljava/lang/Class;' in 'org/eclipse/osgi/internal/loader/BundleLoader')}
  0x0000021049c019e8: 0000 0048 | bae8 178a | 6010 0200 | 008b 7008 | 49ba 0000 | 0000 1002 | 0000 4903 | f248 3bb2 
  0x0000021049c01a08: 9804 0000 | 750d 4883 | 82a0 0400 | 0001 e979 | 0000 0048 | 3bb2 a804 | 0000 750d | 4883 82b0 
  0x0000021049c01a28: 0400 0001 | e963 0000 | 0048 83ba | 9804 0000 | 0075 1748 | 89b2 9804 | 0000 48c7 | 82a0 0400 
  0x0000021049c01a48: 0001 0000 | 00e9 4200 | 0000 4883 | baa8 0400 | 0000 7517 | 4889 b2a8 | 0400 0048 | c782 b004 
  0x0000021049c01a68: 0000 0100 | 0000 e921 | 0000 00e9 | 1c00 0000 

  0x0000021049c01a78: ;   {metadata(method data for {method} {0x000002106058cd28} 'findClass0' '(Ljava/lang/String;ZZ)Ljava/lang/Class;' in 'org/eclipse/osgi/internal/loader/BundleLoader')}
  0x0000021049c01a78: 48ba e817 | 8a60 1002 | 0000 4883 | aa88 0400 | 0001 e9dc | 2d00 00e9 | 0000 0000 

  0x0000021049c01a94: ;   {metadata(method data for {method} {0x000002106058cd28} 'findClass0' '(Ljava/lang/String;ZZ)Ljava/lang/Class;' in 'org/eclipse/osgi/internal/loader/BundleLoader')}
  0x0000021049c01a94: 49b8 e817 | 8a60 1002 | 0000 41ff | 80c0 0400 | 00e9 2500 | 0000 498b | 8700 0500 | 004d 33d2 
  0x0000021049c01ab4: 4d89 9700 | 0500 004d | 33d2 4d89 | 9708 0500 

  0x0000021049c01ac4: ;   {oop(nullptr)}
  0x0000021049c01ac4: 0048 b800 | 0000 0000 | 0000 0048 

  0x0000021049c01ad0: ;   {metadata(method data for {method} {0x000002106058cd28} 'findClass0' '(Ljava/lang/String;ZZ)Ljava/lang/Class;' in 'org/eclipse/osgi/internal/loader/BundleLoader')}
  0x0000021049c01ad0: 85c0 49b8 | e817 8a60 | 1002 0000 | 48c7 c2e8 | 0400 0075 | 0748 c7c2 | d804 0000 | 498b 3410 
  0x0000021049c01af0: 488d 7601 | 4989 3410 | 0f85 7c27 | 0000 4889 | 8424 e800 | 0000 488b | 9424 a800 

  0x0000021049c01b0c: ;   {metadata(method data for {method} {0x000002106058cd28} 'findClass0' '(Ljava/lang/String;ZZ)Ljava/lang/Class;' in 'org/eclipse/osgi/internal/loader/BundleLoader')}
  0x0000021049c01b0c: 0000 49b8 | e817 8a60 | 1002 0000 | 4983 80f8 | 0400 0001 

  0x0000021049c01b20: ;   {metadata(method data for {method} {0x000002106058fac8} 'findImportedSource' '(Ljava/lang/String;Ljava/util/Collection;)Lorg/eclipse/osgi/internal/loader/sources/PackageSource;' in 'org/eclipse/osgi/internal/loader/BundleLoader')}
  0x0000021049c01b20: 49b8 a030 | 8a60 1002 | 0000 418b | 90cc 0000 | 0083 c202 | 4189 90cc | 0000 0081 | e2fe ff1f 
  0x0000021049c01b40: 0085 d20f | 842b 2d00 | 0048 8b94 | 24a8 0000 

  0x0000021049c01b50: ;   {metadata(method data for {method} {0x000002106058fac8} 'findImportedSource' '(Ljava/lang/String;Ljava/util/Collection;)Lorg/eclipse/osgi/internal/loader/sources/PackageSource;' in 'org/eclipse/osgi/internal/loader/BundleLoader')}
  0x0000021049c01b50: 0049 b8a0 | 308a 6010 | 0200 0049 | 8380 1001 

  0x0000021049c01b60: ;   {oop(nullptr)}
  0x0000021049c01b60: 0000 0149 | b800 0000 | 0000 0000 | 0048 8b94 | 24a8 0000 

  0x0000021049c01b74: ;   {optimized virtual_call}
  0x0000021049c01b74: 0066 90e8 

  0x0000021049c01b78: ; ImmutableOopMap {[160]=Oop [168]=Oop [184]=Oop [208]=Oop [232]=Oop }
                      ;*invokespecial getImportedSources {reexecute=0 rethrow=0 return_oop=0}
                      ; - org.eclipse.osgi.internal.loader.BundleLoader::findImportedSource@2 (line 1251)
                      ; - org.eclipse.osgi.internal.loader.BundleLoader::findClass0@164 (line 499)
  0x0000021049c01b78: 5236 0000 

  0x0000021049c01b7c: ;   {other}
  0x0000021049c01b7c: 0f1f 8400 | 6c1c 0011 | 4c8d 8424 | 5001 0000 | 488b f049 | 8970 0848 | 8b06 4883 | c801 4989 
  0x0000021049c01b9c: 00f0 4c0f | b106 0f84 | 1200 0000 | 482b c448 | 2507 f0ff | ff49 8900 | 0f85 e02c | 0000 49ff 
  0x0000021049c01bbc: 8750 0500 | 0048 8bc6 

  0x0000021049c01bc4: ;   {metadata(method data for {method} {0x000002106058fac8} 'findImportedSource' '(Ljava/lang/String;Ljava/util/Collection;)Lorg/eclipse/osgi/internal/loader/sources/PackageSource;' in 'org/eclipse/osgi/internal/loader/BundleLoader')}
  0x0000021049c01bc4: 49b8 a030 | 8a60 1002 | 0000 8b40 | 0849 ba00 | 0000 0010 | 0200 0049 | 03c2 493b | 8030 0100 
  0x0000021049c01be4: 0075 0d49 | 8380 3801 | 0000 01e9 | 6000 0000 | 493b 8040 | 0100 0075 | 0d49 8380 | 4801 0000 
  0x0000021049c01c04: 01e9 4a00 | 0000 4983 | b830 0100 | 0000 7517 | 4989 8030 | 0100 0049 | c780 3801 | 0000 0100 
  0x0000021049c01c24: 0000 e929 | 0000 0049 | 83b8 4001 | 0000 0075 | 1749 8980 | 4001 0000 | 49c7 8048 | 0100 0001 
  0x0000021049c01c44: 0000 00e9 | 0800 0000 | 4983 8020 | 0100 0001 | 4c8b 8424 | b800 0000 | 488b d648 | 89b4 24f0 
  0x0000021049c01c64: 0000 0066 | 0f1f 4400 | 0048 b868 | a908 0010 

  0x0000021049c01c74: ;   {virtual_call}
  0x0000021049c01c74: 0200 00e8 

  0x0000021049c01c78: ; ImmutableOopMap {[160]=Oop [168]=Oop [184]=Oop [208]=Oop [232]=Oop [240]=Oop [344]=Oop }
                      ;*invokeinterface get {reexecute=0 rethrow=0 return_oop=0}
                      ; - org.eclipse.osgi.internal.loader.BundleLoader::findImportedSource@13 (line 1253)
                      ; - org.eclipse.osgi.internal.loader.BundleLoader::findClass0@164 (line 499)
  0x0000021049c01c78: 64f0 7307 

  0x0000021049c01c7c: ;   {other}
  0x0000021049c01c7c: 0f1f 8400 | 6c1d 0012 | 4885 c075 

  0x0000021049c01c88: ;   {metadata(method data for {method} {0x000002106058fac8} 'findImportedSource' '(Ljava/lang/String;Ljava/util/Collection;)Lorg/eclipse/osgi/internal/loader/sources/PackageSource;' in 'org/eclipse/osgi/internal/loader/BundleLoader')}
  0x0000021049c01c88: 1648 baa0 | 308a 6010 | 0200 0080 | 8a51 0100 | 0001 e9cd 

  0x0000021049c01c9c: ;   {metadata('org/eclipse/osgi/internal/loader/sources/PackageSource')}
  0x0000021049c01c9c: 0000 0048 | bee0 8d0b | 0110 0200 | 008b 5008 | 49ba 0000 | 0000 1002 | 0000 4903 | d248 3b72 
  0x0000021049c01cbc: 380f 858d 

  0x0000021049c01cc0: ;   {metadata(method data for {method} {0x000002106058fac8} 'findImportedSource' '(Ljava/lang/String;Ljava/util/Collection;)Lorg/eclipse/osgi/internal/loader/sources/PackageSource;' in 'org/eclipse/osgi/internal/loader/BundleLoader')}
  0x0000021049c01cc0: 0000 0048 | baa0 308a | 6010 0200 | 008b 7008 | 49ba 0000 | 0000 1002 | 0000 4903 | f248 3bb2 
  0x0000021049c01ce0: 6801 0000 | 750d 4883 | 8270 0100 | 0001 e979 | 0000 0048 | 3bb2 7801 | 0000 750d | 4883 8280 
  0x0000021049c01d00: 0100 0001 | e963 0000 | 0048 83ba | 6801 0000 | 0075 1748 | 89b2 6801 | 0000 48c7 | 8270 0100 
  0x0000021049c01d20: 0001 0000 | 00e9 4200 | 0000 4883 | ba78 0100 | 0000 7517 | 4889 b278 | 0100 0048 | c782 8001 
  0x0000021049c01d40: 0000 0100 | 0000 e921 | 0000 00e9 | 1c00 0000 

  0x0000021049c01d50: ;   {metadata(method data for {method} {0x000002106058fac8} 'findImportedSource' '(Ljava/lang/String;Ljava/util/Collection;)Lorg/eclipse/osgi/internal/loader/sources/PackageSource;' in 'org/eclipse/osgi/internal/loader/BundleLoader')}
  0x0000021049c01d50: 48ba a030 | 8a60 1002 | 0000 4883 | aa58 0100 | 0001 e946 | 2b00 00e9 | 0000 0000 | 488b d848 
  0x0000021049c01d70: 899c 2400 | 0100 0048 | 8d84 2450 | 0100 0048 | 8b10 4885 | d20f 840f | 0000 0048 | 8b70 08f0 
  0x0000021049c01d90: 480f b116 | 0f85 1c2b | 0000 49ff | 8f50 0500 | 0048 85db 

  0x0000021049c01da4: ;   {metadata(method data for {method} {0x000002106058cd28} 'findClass0' '(Ljava/lang/String;ZZ)Ljava/lang/Class;' in 'org/eclipse/osgi/internal/loader/BundleLoader')}
  0x0000021049c01da4: 48ba e817 | 8a60 1002 | 0000 48c7 | c608 0500 | 0074 0748 | c7c6 1805 | 0000 488b | 3c32 488d 
  0x0000021049c01dc4: 7f01 4889 | 3c32 0f84 | 310f 0000 | 4c8b 8c24 | d000 0000 

  0x0000021049c01dd8: ;   {metadata(method data for {method} {0x000002106058cd28} 'findClass0' '(Ljava/lang/String;ZZ)Ljava/lang/Class;' in 'org/eclipse/osgi/internal/loader/BundleLoader')}
  0x0000021049c01dd8: 4d85 c948 | bae8 178a | 6010 0200 | 0048 c7c6 | 2805 0000 | 7407 48c7 | c638 0500 | 0048 8b3c 
  0x0000021049c01df8: 3248 8d7f | 0148 893c | 324c 898c | 24d0 0000 | 000f 84f5 | 0900 0048 | 8b94 24a8 | 0000 0044 
  0x0000021049c01e18: 8b5a 184c | 899c 2408 

  0x0000021049c01e20: ;   {metadata('java/lang/StringBuilder')}
  0x0000021049c01e20: 0100 0048 | ba40 8000 | 0010 0200 | 0049 8b87 | b801 0000 | 488d 7818 | 493b bfc8 | 0100 000f 
  0x0000021049c01e40: 8787 2a00 | 0049 89bf | b801 0000 | 48c7 0001 | 0000 0048 | 8bca 49ba | 0000 0000 | 1002 0000 
  0x0000021049c01e60: 492b ca89 | 4808 4833 | c989 480c | 4833 c948 | 8948 104c 

  0x0000021049c01e74: ;   {metadata(method data for {method} {0x000002106058cd28} 'findClass0' '(Ljava/lang/String;ZZ)Ljava/lang/Class;' in 'org/eclipse/osgi/internal/loader/BundleLoader')}
  0x0000021049c01e74: 8bc0 48ba | e817 8a60 | 1002 0000 | 4883 8248 | 0500 0001 

  0x0000021049c01e88: ;   {metadata(method data for {method} {0x0000021000461898} '<init>' '(Ljava/lang/String;)V' in 'java/lang/StringBuilder')}
  0x0000021049c01e88: 49b8 f045 | 3160 1002 | 0000 418b | 90cc 0000 | 0083 c202 | 4189 90cc | 0000 0081 | e2fe ff1f 
  0x0000021049c01ea8: 0085 d20f | 8428 2a00 | 004c 8bc0 

  0x0000021049c01eb4: ;   {metadata(method data for {method} {0x0000021000461898} '<init>' '(Ljava/lang/String;)V' in 'java/lang/StringBuilder')}
  0x0000021049c01eb4: 48ba f045 | 3160 1002 | 0000 4883 | 8210 0100 

  0x0000021049c01ec4: ;   {oop("BundleLoader["{0x00000000801f6ba0})}
  0x0000021049c01ec4: 0001 49b8 | a06b 1f80 | 0000 0000 | 488b d048 | 8984 24f8 | 0000 000f 

  0x0000021049c01edc: ;   {optimized virtual_call}
  0x0000021049c01edc: 1f40 00e8 

  0x0000021049c01ee0: ; ImmutableOopMap {[160]=Oop [168]=Oop [208]=Oop [248]=Oop [256]=Oop [264]=Oop }
                      ;*invokespecial <init> {reexecute=0 rethrow=0 return_oop=0}
                      ; - java.lang.StringBuilder::<init>@2
                      ; - org.eclipse.osgi.internal.loader.BundleLoader::findClass0@192 (line 502)
  0x0000021049c01ee0: 9cc8 f906 

  0x0000021049c01ee4: ;   {other}
  0x0000021049c01ee4: 0f1f 8400 | d41f 0013 | 488b 8424 | f800 0000 

  0x0000021049c01ef4: ;   {metadata(method data for {method} {0x000002106058cd28} 'findClass0' '(Ljava/lang/String;ZZ)Ljava/lang/Class;' in 'org/eclipse/osgi/internal/loader/BundleLoader')}
  0x0000021049c01ef4: 48ba e817 | 8a60 1002 | 0000 4883 | 8258 0500 

  0x0000021049c01f04: ;   {metadata(method data for {method} {0x0000021000461630} 'append' '(Ljava/lang/Object;)Ljava/lang/StringBuilder;' in 'java/lang/StringBuilder')}
  0x0000021049c01f04: 0001 48ba | c07a 0960 | 1002 0000 | 8bb2 cc00 | 0000 83c6 | 0289 b2cc | 0000 0081 | e6fe ff1f 
  0x0000021049c01f24: 0085 f60f | 84cd 2900 

  0x0000021049c01f2c: ;   {metadata(method data for {method} {0x0000021000461630} 'append' '(Ljava/lang/Object;)Ljava/lang/StringBuilder;' in 'java/lang/StringBuilder')}
  0x0000021049c01f2c: 0048 bac0 | 7a09 6010 | 0200 0048 | 8382 1001 

  0x0000021049c01f3c: ;   {metadata(method data for {method} {0x0000021000454d70} 'valueOf' '(Ljava/lang/Object;)Ljava/lang/String;' in 'java/lang/String')}
  0x0000021049c01f3c: 0000 0148 | ba60 7c09 | 6010 0200 | 008b b2cc | 0000 0083 | c602 89b2 | cc00 0000 | 81e6 feff 
  0x0000021049c01f5c: 1f00 85f6 | 0f84 b529 

  0x0000021049c01f64: ;   {metadata(method data for {method} {0x0000021000454d70} 'valueOf' '(Ljava/lang/Object;)Ljava/lang/String;' in 'java/lang/String')}
  0x0000021049c01f64: 0000 48ba | 607c 0960 | 1002 0000 | ff82 1001 | 0000 488b | 9424 a800 

  0x0000021049c01f7c: ;   {metadata(method data for {method} {0x0000021000454d70} 'valueOf' '(Ljava/lang/Object;)Ljava/lang/String;' in 'java/lang/String')}
  0x0000021049c01f7c: 0000 48be | 607c 0960 | 1002 0000 | 8b52 0849 | ba00 0000 | 0010 0200 | 0049 03d2 | 483b 9658 
  0x0000021049c01f9c: 0100 0075 | 0d48 8386 | 6001 0000 | 01e9 6000 | 0000 483b | 9668 0100 | 0075 0d48 | 8386 7001 
  0x0000021049c01fbc: 0000 01e9 | 4a00 0000 | 4883 be58 | 0100 0000 | 7517 4889 | 9658 0100 | 0048 c786 | 6001 0000 
  0x0000021049c01fdc: 0100 0000 | e929 0000 | 0048 83be | 6801 0000 | 0075 1748 | 8996 6801 | 0000 48c7 | 8670 0100 
  0x0000021049c01ffc: 0001 0000 | 00e9 0800 | 0000 4883 | 8648 0100 | 0001 488b | 9424 a800 

  0x0000021049c02014: ;   {optimized virtual_call}
  0x0000021049c02014: 0000 90e8 

  0x0000021049c02018: ; ImmutableOopMap {[160]=Oop [168]=Oop [208]=Oop [248]=Oop [256]=Oop [264]=Oop }
                      ;*invokevirtual toString {reexecute=0 rethrow=0 return_oop=0}
                      ; - java.lang.String::valueOf@11
                      ; - java.lang.StringBuilder::append@2
                      ; - org.eclipse.osgi.internal.loader.BundleLoader::findClass0@196 (line 502)
  0x0000021049c02018: 64c7 f906 

  0x0000021049c0201c: ;   {other}
  0x0000021049c0201c: 0f1f 8400 | 0c21 0014 | 4c8b 8424 | f800 0000 

  0x0000021049c0202c: ;   {metadata(method data for {method} {0x0000021000461630} 'append' '(Ljava/lang/Object;)Ljava/lang/StringBuilder;' in 'java/lang/StringBuilder')}
  0x0000021049c0202c: 48ba c07a | 0960 1002 | 0000 4883 | 8220 0100 

  0x0000021049c0203c: ;   {metadata(method data for {method} {0x00000210004615d8} 'append' '(Ljava/lang/String;)Ljava/lang/StringBuilder;' in 'java/lang/StringBuilder')}
  0x0000021049c0203c: 0001 49b8 | 20c7 0060 | 1002 0000 | 418b 90cc | 0000 0083 | c202 4189 | 90cc 0000 | 0081 e2fe 
  0x0000021049c0205c: ff1f 0085 | d20f 84d5 | 2800 004c | 8b84 24f8 

  0x0000021049c0206c: ;   {metadata(method data for {method} {0x00000210004615d8} 'append' '(Ljava/lang/String;)Ljava/lang/StringBuilder;' in 'java/lang/StringBuilder')}
  0x0000021049c0206c: 0000 0048 | ba20 c700 | 6010 0200 | 0048 8382 | 1001 0000 | 014c 8bc0 | 488b 9424 | f800 0000 
  0x0000021049c0208c: ;   {optimized virtual_call}
  0x0000021049c0208c: 6666 90e8 

  0x0000021049c02090: ; ImmutableOopMap {[160]=Oop [168]=Oop [208]=Oop [248]=Oop [256]=Oop [264]=Oop }
                      ;*invokespecial append {reexecute=0 rethrow=0 return_oop=0}
                      ; - java.lang.StringBuilder::append@2
                      ; - java.lang.StringBuilder::append@5
                      ; - org.eclipse.osgi.internal.loader.BundleLoader::findClass0@196 (line 502)
  0x0000021049c02090: ecc6 f906 

  0x0000021049c02094: ;   {other}
  0x0000021049c02094: 0f1f 8400 | 8421 0015 | 488b 8424 | f800 0000 

  0x0000021049c020a4: ;   {metadata(method data for {method} {0x000002106058cd28} 'findClass0' '(Ljava/lang/String;ZZ)Ljava/lang/Class;' in 'org/eclipse/osgi/internal/loader/BundleLoader')}
  0x0000021049c020a4: 49b8 e817 | 8a60 1002 | 0000 4983 | 8090 0500 

  0x0000021049c020b4: ;   {metadata(method data for {method} {0x00000210004615d8} 'append' '(Ljava/lang/String;)Ljava/lang/StringBuilder;' in 'java/lang/StringBuilder')}
  0x0000021049c020b4: 0001 49b8 | 20c7 0060 | 1002 0000 | 418b 90cc | 0000 0083 | c202 4189 | 90cc 0000 | 0081 e2fe 
  0x0000021049c020d4: ff1f 0085 | d20f 847e | 2800 0048 | 8b84 24f8 

  0x0000021049c020e4: ;   {metadata(method data for {method} {0x00000210004615d8} 'append' '(Ljava/lang/String;)Ljava/lang/StringBuilder;' in 'java/lang/StringBuilder')}
  0x0000021049c020e4: 0000 0049 | b820 c700 | 6010 0200 | 0049 8380 | 1001 0000 

  0x0000021049c020f8: ;   {oop("] loading from import package: "{0x0000000080613ea0})}
  0x0000021049c020f8: 0149 b8a0 | 3e61 8000 | 0000 0048 | 8b94 24f8 | 0000 000f 

  0x0000021049c0210c: ;   {optimized virtual_call}
  0x0000021049c0210c: 1f40 00e8 

  0x0000021049c02110: ; ImmutableOopMap {[160]=Oop [168]=Oop [208]=Oop [248]=Oop [256]=Oop [264]=Oop }
                      ;*invokespecial append {reexecute=0 rethrow=0 return_oop=0}
                      ; - java.lang.StringBuilder::append@2
                      ; - org.eclipse.osgi.internal.loader.BundleLoader::findClass0@202 (line 502)
  0x0000021049c02110: 6cc6 f906 

  0x0000021049c02114: ;   {other}
  0x0000021049c02114: 0f1f 8400 | 0422 0016 | 488b 8424 | f800 0000 

  0x0000021049c02124: ;   {metadata(method data for {method} {0x000002106058cd28} 'findClass0' '(Ljava/lang/String;ZZ)Ljava/lang/Class;' in 'org/eclipse/osgi/internal/loader/BundleLoader')}
  0x0000021049c02124: 48ba e817 | 8a60 1002 | 0000 4883 | 82c8 0500 

  0x0000021049c02134: ;   {metadata(method data for {method} {0x0000021000461630} 'append' '(Ljava/lang/Object;)Ljava/lang/StringBuilder;' in 'java/lang/StringBuilder')}
  0x0000021049c02134: 0001 48ba | c07a 0960 | 1002 0000 | 8bb2 cc00 | 0000 83c6 | 0289 b2cc | 0000 0081 | e6fe ff1f 
  0x0000021049c02154: 0085 f60f | 8421 2800 

  0x0000021049c0215c: ;   {metadata(method data for {method} {0x0000021000461630} 'append' '(Ljava/lang/Object;)Ljava/lang/StringBuilder;' in 'java/lang/StringBuilder')}
  0x0000021049c0215c: 0048 bac0 | 7a09 6010 | 0200 0048 | 8382 1001 

  0x0000021049c0216c: ;   {metadata(method data for {method} {0x0000021000454d70} 'valueOf' '(Ljava/lang/Object;)Ljava/lang/String;' in 'java/lang/String')}
  0x0000021049c0216c: 0000 0148 | ba60 7c09 | 6010 0200 | 008b b2cc | 0000 0083 | c602 89b2 | cc00 0000 | 81e6 feff 
  0x0000021049c0218c: 1f00 85f6 | 0f84 0928 | 0000 488b | 9c24 0001 | 0000 4885 

  0x0000021049c021a0: ;   {metadata(method data for {method} {0x0000021000454d70} 'valueOf' '(Ljava/lang/Object;)Ljava/lang/String;' in 'java/lang/String')}
  0x0000021049c021a0: db48 ba60 | 7c09 6010 | 0200 0048 | c7c6 1001 | 0000 7507 | 48c7 c620 | 0100 0048 | 8b3c 3248 
  0x0000021049c021c0: 8d7f 0148 | 893c 320f | 851f 0000 

  0x0000021049c021cc: ;   {metadata(method data for {method} {0x0000021000454d70} 'valueOf' '(Ljava/lang/Object;)Ljava/lang/String;' in 'java/lang/String')}
  0x0000021049c021cc: 0048 ba60 | 7c09 6010 | 0200 00ff | 8230 0100 

  0x0000021049c021dc: ;   {oop("null"{0x0000000080000c88})}
  0x0000021049c021dc: 0048 be88 | 0c00 8000 | 0000 00e9 | ab00 0000 

  0x0000021049c021ec: ; implicit exception: dispatches to 0x0000021049c049c0
  0x0000021049c021ec: 483b 0348 

  0x0000021049c021f0: ;   {metadata(method data for {method} {0x0000021000454d70} 'valueOf' '(Ljava/lang/Object;)Ljava/lang/String;' in 'java/lang/String')}
  0x0000021049c021f0: 8bd3 48be | 607c 0960 | 1002 0000 | 8b52 0849 | ba00 0000 | 0010 0200 | 0049 03d2 | 483b 9658 
  0x0000021049c02210: 0100 0075 | 0d48 8386 | 6001 0000 | 01e9 6000 | 0000 483b | 9668 0100 | 0075 0d48 | 8386 7001 
  0x0000021049c02230: 0000 01e9 | 4a00 0000 | 4883 be58 | 0100 0000 | 7517 4889 | 9658 0100 | 0048 c786 | 6001 0000 
  0x0000021049c02250: 0100 0000 | e929 0000 | 0048 83be | 6801 0000 | 0075 1748 | 8996 6801 | 0000 48c7 | 8670 0100 
  0x0000021049c02270: 0001 0000 | 00e9 0800 | 0000 4883 | 8648 0100 | 0001 488b 

  0x0000021049c02284: ;   {optimized virtual_call}
  0x0000021049c02284: d366 90e8 

  0x0000021049c02288: ; ImmutableOopMap {[160]=Oop [168]=Oop [208]=Oop [248]=Oop [256]=Oop [264]=Oop }
                      ;*invokevirtual toString {reexecute=0 rethrow=0 return_oop=0}
                      ; - java.lang.String::valueOf@11
                      ; - java.lang.StringBuilder::append@2
                      ; - org.eclipse.osgi.internal.loader.BundleLoader::findClass0@207 (line 502)
  0x0000021049c02288: f4c4 f906 

  0x0000021049c0228c: ;   {other}
  0x0000021049c0228c: 0f1f 8400 | 7c23 0017 | 488b f048 | 8b84 24f8 

  0x0000021049c0229c: ;   {metadata(method data for {method} {0x0000021000461630} 'append' '(Ljava/lang/Object;)Ljava/lang/StringBuilder;' in 'java/lang/StringBuilder')}
  0x0000021049c0229c: 0000 0049 | b8c0 7a09 | 6010 0200 | 0049 8380 | 2001 0000 

  0x0000021049c022b0: ;   {metadata(method data for {method} {0x00000210004615d8} 'append' '(Ljava/lang/String;)Ljava/lang/StringBuilder;' in 'java/lang/StringBuilder')}
  0x0000021049c022b0: 0149 b820 | c700 6010 | 0200 0041 | 8b90 cc00 | 0000 83c2 | 0241 8990 | cc00 0000 | 81e2 feff 
  0x0000021049c022d0: 1f00 85d2 | 0f84 eb26 | 0000 488b | 8424 f800 

  0x0000021049c022e0: ;   {metadata(method data for {method} {0x00000210004615d8} 'append' '(Ljava/lang/String;)Ljava/lang/StringBuilder;' in 'java/lang/StringBuilder')}
  0x0000021049c022e0: 0000 49b8 | 20c7 0060 | 1002 0000 | 4983 8010 | 0100 0001 | 4c8b c648 | 8b94 24f8 

  0x0000021049c022fc: ;   {optimized virtual_call}
  0x0000021049c022fc: 0000 00e8 

  0x0000021049c02300: ; ImmutableOopMap {[160]=Oop [168]=Oop [208]=Oop [248]=Oop [256]=Oop [264]=Oop }
                      ;*invokespecial append {reexecute=0 rethrow=0 return_oop=0}
                      ; - java.lang.StringBuilder::append@2
                      ; - java.lang.StringBuilder::append@5
                      ; - org.eclipse.osgi.internal.loader.BundleLoader::findClass0@207 (line 502)
  0x0000021049c02300: 7cc4 f906 

  0x0000021049c02304: ;   {other}
  0x0000021049c02304: 0f1f 8400 | f423 0018 | 4c8b 8424 | f800 0000 

  0x0000021049c02314: ;   {metadata(method data for {method} {0x000002106058cd28} 'findClass0' '(Ljava/lang/String;ZZ)Ljava/lang/Class;' in 'org/eclipse/osgi/internal/loader/BundleLoader')}
  0x0000021049c02314: 498b c048 | bae8 178a | 6010 0200 | 0048 8382 | 0006 0000 

  0x0000021049c02328: ;   {metadata(method data for {method} {0x0000021000008958} 'toString' '()Ljava/lang/String;' in 'java/lang/StringBuilder')}
  0x0000021049c02328: 0148 ba48 | ce00 6010 | 0200 008b | b2cc 0000 | 0083 c602 | 89b2 cc00 | 0000 81e6 | feff 1f00 
  0x0000021049c02348: 85f6 0f84 | 9626 0000 

  0x0000021049c02350: ;   {metadata('java/lang/String')}
  0x0000021049c02350: 48ba 78e8 | 0000 1002 | 0000 498b | 87b8 0100 | 0048 8d78 | 1849 3bbf | c801 0000 | 0f87 9526 
  0x0000021049c02370: 0000 4989 | bfb8 0100 | 0048 c700 | 0100 0000 | 488b ca49 | ba00 0000 | 0010 0200 | 0049 2bca 
  0x0000021049c02390: 8948 0848 | 33c9 8948 | 0c48 33c9 | 4889 4810 

  0x0000021049c023a0: ;   {metadata(method data for {method} {0x0000021000008958} 'toString' '()Ljava/lang/String;' in 'java/lang/StringBuilder')}
  0x0000021049c023a0: 4c8b c848 | ba48 ce00 | 6010 0200 | 0048 8382 | 1001 0000 

  0x0000021049c023b4: ;   {metadata(method data for {method} {0x00000210004558c8} '<init>' '(Ljava/lang/StringBuilder;)V' in 'java/lang/String')}
  0x0000021049c023b4: 0149 b990 | cf00 6010 | 0200 0041 | 8b91 cc00 | 0000 83c2 | 0241 8991 | cc00 0000 | 81e2 feff 
  0x0000021049c023d4: 1f00 85d2 | 0f84 3626 | 0000 4c8b 

  0x0000021049c023e0: ;   {metadata(method data for {method} {0x00000210004558c8} '<init>' '(Ljava/lang/StringBuilder;)V' in 'java/lang/String')}
  0x0000021049c023e0: c848 ba90 | cf00 6010 | 0200 0048 | 8382 1001 

  0x0000021049c023f0: ;   {oop(nullptr)}
  0x0000021049c023f0: 0000 0149 | b900 0000 | 0000 0000 | 0048 8bd0 | 4889 8424 | 1001 0000 | 0f1f 8000 

  0x0000021049c0240c: ;   {optimized virtual_call}
  0x0000021049c0240c: 0000 00e8 

  0x0000021049c02410: ; ImmutableOopMap {[160]=Oop [168]=Oop [208]=Oop [256]=Oop [264]=Oop [272]=Oop }
                      ;*invokespecial <init> {reexecute=0 rethrow=0 return_oop=0}
                      ; - java.lang.String::<init>@3
                      ; - java.lang.StringBuilder::toString@5
                      ; - org.eclipse.osgi.internal.loader.BundleLoader::findClass0@210 (line 502)
  0x0000021049c02410: 6cc3 f906 

  0x0000021049c02414: ;   {other}
  0x0000021049c02414: 0f1f 8400 | 0425 0019 | 4c8b 9c24 | 0801 0000 

  0x0000021049c02424: ; implicit exception: dispatches to 0x0000021049c04a35
  0x0000021049c02424: 493b 034d 

  0x0000021049c02428: ;   {metadata(method data for {method} {0x000002106058cd28} 'findClass0' '(Ljava/lang/String;ZZ)Ljava/lang/Class;' in 'org/eclipse/osgi/internal/loader/BundleLoader')}
  0x0000021049c02428: 8bc3 49b9 | e817 8a60 | 1002 0000 

  0x0000021049c02434: ;   {metadata('org/eclipse/osgi/internal/debug/Debug')}
  0x0000021049c02434: 49ba 8009 | 0901 1002 | 0000 4d89 | 9148 0600 | 0049 8381 | 5006 0000 

  0x0000021049c0244c: ;   {metadata(method data for {method} {0x00000210604e53d0} 'trace' '(Ljava/lang/String;Ljava/lang/String;)V' in 'org/eclipse/osgi/internal/debug/Debug')}
  0x0000021049c0244c: 0149 b860 | d683 6010 | 0200 0045 | 8b88 cc00 | 0000 4183 | c102 4589 | 88cc 0000 | 0041 81e1 
  0x0000021049c0246c: feff 1f00 | 4585 c90f | 84c1 2500 | 0041 8b53 | 2448 85d2 

  0x0000021049c02480: ;   {metadata(method data for {method} {0x00000210604e53d0} 'trace' '(Ljava/lang/String;Ljava/lang/String;)V' in 'org/eclipse/osgi/internal/debug/Debug')}
  0x0000021049c02480: 49b8 60d6 | 8360 1002 | 0000 49c7 | c110 0100 | 0074 0749 | c7c1 2001 | 0000 4b8b | 3408 488d 
  0x0000021049c024a0: 7601 4b89 | 3408 0f84 | fe02 0000 | 4885 d20f | 8429 0000 

  0x0000021049c024b4: ;   {metadata('org/eclipse/osgi/internal/log/ExtendedLogServiceImpl')}
  0x0000021049c024b4: 0048 bf40 | 5609 0110 | 0200 008b | 7208 49ba | 0000 0000 | 1002 0000 | 4903 f248 | 3b7e 380f 
  0x0000021049c024d4: 8582 2500 | 00e9 0000 | 0000 4c8b | c248 3b02 

  0x0000021049c024e4: ;   {metadata(method data for {method} {0x00000210604e53d0} 'trace' '(Ljava/lang/String;Ljava/lang/String;)V' in 'org/eclipse/osgi/internal/debug/Debug')}
  0x0000021049c024e4: 4c8b c249 | b960 d683 | 6010 0200 

  0x0000021049c024f0: ;   {metadata('org/eclipse/osgi/internal/log/ExtendedLogServiceImpl')}
  0x0000021049c024f0: 0049 ba40 | 5609 0110 | 0200 004d | 8991 4001 | 0000 4983 | 8148 0100 

  0x0000021049c02508: ;   {metadata(method data for {method} {0x000002106050ca80} 'getLogger' '(Ljava/lang/String;)Lorg/osgi/service/log/Logger;' in 'org/eclipse/osgi/internal/log/ExtendedLogServiceImpl')}
  0x0000021049c02508: 0001 49b8 | a0d8 8360 | 1002 0000 | 458b 88cc | 0000 0041 | 83c1 0245 | 8988 cc00 | 0000 4181 
  0x0000021049c02528: e1fe ff1f | 0045 85c9 | 0f84 2f25 | 0000 4c8b 

  0x0000021049c02538: ;   {metadata(method data for {method} {0x000002106050ca80} 'getLogger' '(Ljava/lang/String;)Lorg/osgi/service/log/Logger;' in 'org/eclipse/osgi/internal/log/ExtendedLogServiceImpl')}
  0x0000021049c02538: c249 b9a0 | d883 6010 

  0x0000021049c02540: ;   {metadata('org/eclipse/osgi/internal/log/ExtendedLogServiceImpl')}
  0x0000021049c02540: 0200 0049 | ba40 5609 | 0110 0200 | 004d 8991 | 2001 0000 | 4983 8128 | 0100 0001 

  0x0000021049c0255c: ;   {metadata(method data for {method} {0x000002106050a308} 'getLogger' '(Ljava/lang/String;)Lorg/eclipse/equinox/log/Logger;' in 'org/eclipse/osgi/internal/log/ExtendedLogServiceImpl')}
  0x0000021049c0255c: 49b8 30da | 8360 1002 | 0000 458b | 88cc 0000 | 0041 83c1 | 0245 8988 | cc00 0000 | 4181 e1fe 
  0x0000021049c0257c: ff1f 0045 | 85c9 0f84 | fe24 0000 

  0x0000021049c02588: ;   {metadata(method data for {method} {0x000002106050a308} 'getLogger' '(Ljava/lang/String;)Lorg/eclipse/equinox/log/Logger;' in 'org/eclipse/osgi/internal/log/ExtendedLogServiceImpl')}
  0x0000021049c02588: 4c8b c249 | b930 da83 | 6010 0200 

  0x0000021049c02594: ;   {metadata('org/eclipse/osgi/internal/log/ExtendedLogServiceImpl')}
  0x0000021049c02594: 0049 ba40 | 5609 0110 | 0200 004d | 8991 2001 | 0000 4983 | 8128 0100 | 0001 4c8b | 8424 d000 
  0x0000021049c025b4: ;   {oop(a 'java/lang/Class'{0x00000000d7544290} = 'org/osgi/service/log/Logger')}
  0x0000021049c025b4: 0000 49b9 | 9042 54d7 | 0000 0000 | 0f1f 8000 

  0x0000021049c025c4: ;   {optimized virtual_call}
  0x0000021049c025c4: 0000 00e8 

  0x0000021049c025c8: ; ImmutableOopMap {[160]=Oop [168]=Oop [208]=Oop [256]=Oop [272]=Oop }
                      ;*invokevirtual getLogger {reexecute=0 rethrow=0 return_oop=0}
                      ; - org.eclipse.osgi.internal.log.ExtendedLogServiceImpl::getLogger@4 (line 73)
                      ; - org.eclipse.osgi.internal.log.ExtendedLogServiceImpl::getLogger@2 (line 1)
                      ; - org.eclipse.osgi.internal.debug.Debug::trace@11 (line 265)
                      ; - org.eclipse.osgi.internal.loader.BundleLoader::findClass0@213 (line 502)
  0x0000021049c025c8: b4c1 f906 

  0x0000021049c025cc: ;   {other}
  0x0000021049c025cc: 0f1f 8400 | bc26 001a | 4885 c075 

  0x0000021049c025d8: ;   {metadata(method data for {method} {0x000002106050a308} 'getLogger' '(Ljava/lang/String;)Lorg/eclipse/equinox/log/Logger;' in 'org/eclipse/osgi/internal/log/ExtendedLogServiceImpl')}
  0x0000021049c025d8: 1648 be30 | da83 6010 | 0200 0080 | 8e41 0100 | 0001 e9e7 

  0x0000021049c025ec: ;   {metadata('org/eclipse/equinox/log/Logger')}
  0x0000021049c025ec: 0000 0048 | bff8 2909 | 0110 0200 | 008b 7008 | 49ba 0000 | 0000 1002 | 0000 4903 | f248 3b7e 
  0x0000021049c0260c: 200f 841a | 0000 0048 | 3bf7 0f84 | 1100 0000 

  0x0000021049c0261c: ;   {runtime_call slow_subtype_check Runtime1 stub}
  0x0000021049c0261c: 5657 e8dd | f604 075e | 5e85 f60f | 848d 0000 

  0x0000021049c0262c: ;   {metadata(method data for {method} {0x000002106050a308} 'getLogger' '(Ljava/lang/String;)Lorg/eclipse/equinox/log/Logger;' in 'org/eclipse/osgi/internal/log/ExtendedLogServiceImpl')}
  0x0000021049c0262c: 0048 be30 | da83 6010 | 0200 008b | 7808 49ba | 0000 0000 | 1002 0000 | 4903 fa48 | 3bbe 5801 
  0x0000021049c0264c: 0000 750d | 4883 8660 | 0100 0001 | e979 0000 | 0048 3bbe | 6801 0000 | 750d 4883 | 8670 0100 
  0x0000021049c0266c: 0001 e963 | 0000 0048 | 83be 5801 | 0000 0075 | 1748 89be | 5801 0000 | 48c7 8660 | 0100 0001 
  0x0000021049c0268c: 0000 00e9 | 4200 0000 | 4883 be68 | 0100 0000 | 7517 4889 | be68 0100 | 0048 c786 | 7001 0000 
  0x0000021049c026ac: 0100 0000 | e921 0000 | 00e9 1c00 

  0x0000021049c026b8: ;   {metadata(method data for {method} {0x000002106050a308} 'getLogger' '(Ljava/lang/String;)Lorg/eclipse/equinox/log/Logger;' in 'org/eclipse/osgi/internal/log/ExtendedLogServiceImpl')}
  0x0000021049c026b8: 0000 48be | 30da 8360 | 1002 0000 | 4883 ae48 | 0100 0001 | e9d6 2300 | 00e9 0000 | 0000 488b 
  0x0000021049c026d8: d048 3b02 

  0x0000021049c026dc: ;   {metadata(method data for {method} {0x00000210604e53d0} 'trace' '(Ljava/lang/String;Ljava/lang/String;)V' in 'org/eclipse/osgi/internal/debug/Debug')}
  0x0000021049c026dc: 4c8b c248 | be60 d683 | 6010 0200 | 0045 8b40 | 0849 ba00 | 0000 0010 | 0200 004d | 03c2 4c3b 
  0x0000021049c026fc: 8678 0100 | 0075 0d48 | 8386 8001 | 0000 01e9 | 6000 0000 | 4c3b 8688 | 0100 0075 | 0d48 8386 
  0x0000021049c0271c: 9001 0000 | 01e9 4a00 | 0000 4883 | be78 0100 | 0000 7517 | 4c89 8678 | 0100 0048 | c786 8001 
  0x0000021049c0273c: 0000 0100 | 0000 e929 | 0000 0048 | 83be 8801 | 0000 0075 | 174c 8986 | 8801 0000 | 48c7 8690 
  0x0000021049c0275c: 0100 0001 | 0000 00e9 | 0800 0000 | 4883 8668 | 0100 0001 | 4c8b 8424 | 1001 0000 | 0f1f 4400 
  0x0000021049c0277c: 0048 b8ff | ffff ffff 

  0x0000021049c02784: ;   {virtual_call}
  0x0000021049c02784: ffff ffe8 

  0x0000021049c02788: ; ImmutableOopMap {[160]=Oop [168]=Oop [208]=Oop [256]=Oop }
                      ;*invokeinterface debug {reexecute=0 rethrow=0 return_oop=0}
                      ; - org.eclipse.osgi.internal.debug.Debug::trace@17 (line 265)
                      ; - org.eclipse.osgi.internal.loader.BundleLoader::findClass0@213 (line 502)
  0x0000021049c02788: f4c2 f906 

  0x0000021049c0278c: ;   {other}
  0x0000021049c0278c: 0f1f 8400 | 7c28 001b 

  0x0000021049c02794: ;   {metadata(method data for {method} {0x00000210604e53d0} 'trace' '(Ljava/lang/String;Ljava/lang/String;)V' in 'org/eclipse/osgi/internal/debug/Debug')}
  0x0000021049c02794: 49b8 60d6 | 8360 1002 | 0000 41ff | 80a0 0100 | 00e9 5200 | 0000 488b | 8424 1001 

  0x0000021049c027b0: ;   {oop(a 'java/lang/Class'{0x00000000d7545540} = 'org/eclipse/osgi/internal/debug/Debug')}
  0x0000021049c027b0: 0000 49b8 | 4055 54d7 | 0000 0000 | 418b 90d0 | 0000 0048 | 3b02 4c8b 

  0x0000021049c027c8: ;   {metadata(method data for {method} {0x00000210604e53d0} 'trace' '(Ljava/lang/String;Ljava/lang/String;)V' in 'org/eclipse/osgi/internal/debug/Debug')}
  0x0000021049c027c8: c248 be60 | d683 6010 

  0x0000021049c027d0: ;   {metadata('java/io/PrintStream')}
  0x0000021049c027d0: 0200 0049 | bac8 a300 | 0010 0200 | 004c 8996 | c801 0000 | 4883 86d0 | 0100 0001 

  0x0000021049c027ec: ;   {optimized virtual_call}
  0x0000021049c027ec: 4c8b c0e8 

  0x0000021049c027f0: ; ImmutableOopMap {[160]=Oop [168]=Oop [208]=Oop [256]=Oop }
                      ;*invokevirtual println {reexecute=0 rethrow=0 return_oop=0}
                      ; - org.eclipse.osgi.internal.debug.Debug::trace@29 (line 267)
                      ; - org.eclipse.osgi.internal.loader.BundleLoader::findClass0@213 (line 502)
  0x0000021049c027f0: 8cbf f906 

  0x0000021049c027f4: ;   {other}
  0x0000021049c027f4: 0f1f 8400 | e428 001c | 488b 9c24 | 0001 0000 

  0x0000021049c02804: ; implicit exception: dispatches to 0x0000021049c04aba
  0x0000021049c02804: 483b 034c 

  0x0000021049c02808: ;   {metadata(method data for {method} {0x000002106058cd28} 'findClass0' '(Ljava/lang/String;ZZ)Ljava/lang/Class;' in 'org/eclipse/osgi/internal/loader/BundleLoader')}
  0x0000021049c02808: 8bc3 48ba | e817 8a60 | 1002 0000 | 458b 4008 | 49ba 0000 | 0000 1002 | 0000 4d03 | c24c 3b82 
  0x0000021049c02828: 8006 0000 | 750d 4883 | 8288 0600 | 0001 e960 | 0000 004c | 3b82 9006 | 0000 750d | 4883 8298 
  0x0000021049c02848: 0600 0001 | e94a 0000 | 0048 83ba | 8006 0000 | 0075 174c | 8982 8006 | 0000 48c7 | 8288 0600 
  0x0000021049c02868: 0001 0000 | 00e9 2900 | 0000 4883 | ba90 0600 | 0000 7517 | 4c89 8290 | 0600 0048 | c782 9806 
  0x0000021049c02888: 0000 0100 | 0000 e908 | 0000 0048 | 8382 7006 | 0000 014c | 8b84 24a0 | 0000 0048 | 8bd3 0f1f 
  0x0000021049c028a8: 8000 0000 | 0048 b870 | 9cb8 6410 

  0x0000021049c028b4: ;   {virtual_call}
  0x0000021049c028b4: 0200 00e8 

  0x0000021049c028b8: ; ImmutableOopMap {[160]=Oop [168]=Oop [208]=Oop }
                      ;*invokevirtual loadClass {reexecute=0 rethrow=0 return_oop=0}
                      ; - org.eclipse.osgi.internal.loader.BundleLoader::findClass0@219 (line 505)
  0x0000021049c028b8: 790e fa06 

  0x0000021049c028bc: ;   {other}
  0x0000021049c028bc: 0f1f 8400 | ac29 001d 

  0x0000021049c028c4: ;   {metadata(method data for {method} {0x000002106058cd28} 'findClass0' '(Ljava/lang/String;ZZ)Ljava/lang/Class;' in 'org/eclipse/osgi/internal/loader/BundleLoader')}
  0x0000021049c028c4: 4885 c048 | bae8 178a | 6010 0200 | 0048 c7c6 | a806 0000 | 7507 48c7 | c6b8 0600 | 0048 8b3c 
  0x0000021049c028e4: 3248 8d7f | 0148 893c | 320f 85c9 | 0300 0048 | 8b94 24a8 

  0x0000021049c028f8: ;   {metadata(method data for {method} {0x000002106058cd28} 'findClass0' '(Ljava/lang/String;ZZ)Ljava/lang/Class;' in 'org/eclipse/osgi/internal/loader/BundleLoader')}
  0x0000021049c028f8: 0000 0048 | bee8 178a | 6010 0200 | 008b 5208 | 49ba 0000 | 0000 1002 | 0000 4903 | d248 3b96 
  0x0000021049c02918: d806 0000 | 750d 4883 | 86e0 0600 | 0001 e960 | 0000 0048 | 3b96 e806 | 0000 750d | 4883 86f0 
  0x0000021049c02938: 0600 0001 | e94a 0000 | 0048 83be | d806 0000 | 0075 1748 | 8996 d806 | 0000 48c7 | 86e0 0600 
  0x0000021049c02958: 0001 0000 | 00e9 2900 | 0000 4883 | bee8 0600 | 0000 7517 | 4889 96e8 | 0600 0048 | c786 f006 
  0x0000021049c02978: 0000 0100 | 0000 e908 | 0000 0048 | 8386 c806 | 0000 0148 | 8b94 24a8 | 0000 0066 | 9048 b8ff 
  0x0000021049c02998: ffff ffff 

  0x0000021049c0299c: ;   {virtual_call}
  0x0000021049c0299c: ffff ffe8 

  0x0000021049c029a0: ; ImmutableOopMap {[160]=Oop [168]=Oop [208]=Oop }
                      ;*invokevirtual getModuleClassLoader {reexecute=0 rethrow=0 return_oop=0}
                      ; - org.eclipse.osgi.internal.loader.BundleLoader::findClass0@230 (line 509)
  0x0000021049c029a0: dcc0 f906 

  0x0000021049c029a4: ;   {other}
  0x0000021049c029a4: 0f1f 8400 | 942a 001e 

  0x0000021049c029ac: ; implicit exception: dispatches to 0x0000021049c04abf
  0x0000021049c029ac: 483b 004c 

  0x0000021049c029b0: ;   {metadata(method data for {method} {0x000002106058cd28} 'findClass0' '(Ljava/lang/String;ZZ)Ljava/lang/Class;' in 'org/eclipse/osgi/internal/loader/BundleLoader')}
  0x0000021049c029b0: 8bc0 48ba | e817 8a60 | 1002 0000 | 458b 4008 | 49ba 0000 | 0000 1002 | 0000 4d03 | c24c 3b82 
  0x0000021049c029d0: 1007 0000 | 750d 4883 | 8218 0700 | 0001 e960 | 0000 004c | 3b82 2007 | 0000 750d | 4883 8228 
  0x0000021049c029f0: 0700 0001 | e94a 0000 | 0048 83ba | 1007 0000 | 0075 174c | 8982 1007 | 0000 48c7 | 8218 0700 
  0x0000021049c02a10: 0001 0000 | 00e9 2900 | 0000 4883 | ba20 0700 | 0000 7517 | 4c89 8220 | 0700 0048 | c782 2807 
  0x0000021049c02a30: 0000 0100 | 0000 e908 | 0000 0048 | 8382 0007 

  0x0000021049c02a40: ;   {metadata(method data for {method} {0x0000021060628d58} 'publicFindLoaded' '(Ljava/lang/String;)Ljava/lang/Class;' in 'org/eclipse/osgi/internal/loader/ModuleClassLoader')}
  0x0000021049c02a40: 0000 0149 | b870 3a8a | 6010 0200 | 0041 8b90 | cc00 0000 | 83c2 0241 | 8990 cc00 | 0000 81e2 
  0x0000021049c02a60: feff 1f00 | 85d2 0f84 | 5820 0000 

  0x0000021049c02a6c: ;   {metadata(method data for {method} {0x0000021060628d58} 'publicFindLoaded' '(Ljava/lang/String;)Ljava/lang/Class;' in 'org/eclipse/osgi/internal/loader/ModuleClassLoader')}
  0x0000021049c02a6c: 4c8b c048 | ba70 3a8a | 6010 0200 | 0045 8b40 | 0849 ba00 | 0000 0010 | 0200 004d | 03c2 4c3b 
  0x0000021049c02a8c: 8220 0100 | 0075 0d48 | 8382 2801 | 0000 01e9 | 6000 0000 | 4c3b 8230 | 0100 0075 | 0d48 8382 
  0x0000021049c02aac: 3801 0000 | 01e9 4a00 | 0000 4883 | ba20 0100 | 0000 7517 | 4c89 8220 | 0100 0048 | c782 2801 
  0x0000021049c02acc: 0000 0100 | 0000 e929 | 0000 0048 | 83ba 3001 | 0000 0075 | 174c 8982 | 3001 0000 | 48c7 8238 
  0x0000021049c02aec: 0100 0001 | 0000 00e9 | 0800 0000 | 4883 8210 | 0100 0001 

  0x0000021049c02b00: ;   {metadata(method data for {method} {0x0000021060629a90} 'getClassLoadingLock' '(Ljava/lang/String;)Ljava/lang/Object;' in 'org/eclipse/osgi/internal/loader/ModuleClassLoader')}
  0x0000021049c02b00: 49b8 383c | 8a60 1002 | 0000 418b | 90cc 0000 | 0083 c202 | 4189 90cc | 0000 0081 | e2fe ff1f 
  0x0000021049c02b20: 0085 d20f | 84bc 1f00 | 008b 5050 

  0x0000021049c02b2c: ; implicit exception: dispatches to 0x0000021049c04b06
  0x0000021049c02b2c: 483b 024c 

  0x0000021049c02b30: ;   {metadata(method data for {method} {0x0000021060629a90} 'getClassLoadingLock' '(Ljava/lang/String;)Ljava/lang/Object;' in 'org/eclipse/osgi/internal/loader/ModuleClassLoader')}
  0x0000021049c02b30: 8bc2 48be | 383c 8a60 | 1002 0000 | 4883 8610 | 0100 0001 | 4c8b 8424 | a000 0000 | 4889 8424 
  0x0000021049c02b50: 1801 0000 

  0x0000021049c02b54: ;   {optimized virtual_call}
  0x0000021049c02b54: 6666 90e8 

  0x0000021049c02b58: ; ImmutableOopMap {[160]=Oop [168]=Oop [208]=Oop [280]=Oop }
                      ;*invokevirtual getLock {reexecute=0 rethrow=0 return_oop=0}
                      ; - org.eclipse.osgi.internal.loader.ModuleClassLoader::getClassLoadingLock@5 (line 437)
                      ; - org.eclipse.osgi.internal.loader.ModuleClassLoader::publicFindLoaded@2 (line 323)
                      ; - org.eclipse.osgi.internal.loader.BundleLoader::findClass0@234 (line 509)
  0x0000021049c02b58: 24bc f906 

  0x0000021049c02b5c: ;   {other}
  0x0000021049c02b5c: 0f1f 8400 | 4c2c 001f | 4889 8424 | 2001 0000 | 488d 9424 | 5001 0000 | 488b f048 | 8972 0848 
  0x0000021049c02b7c: 8b06 4883 | c801 4889 | 02f0 480f | b116 0f84 | 1200 0000 | 482b c448 | 2507 f0ff | ff48 8902 
  0x0000021049c02b9c: 0f85 6e1f | 0000 49ff | 8750 0500 | 0048 8b94 | 2418 0100 

  0x0000021049c02bb0: ;   {metadata(method data for {method} {0x0000021060628d58} 'publicFindLoaded' '(Ljava/lang/String;)Ljava/lang/Class;' in 'org/eclipse/osgi/internal/loader/ModuleClassLoader')}
  0x0000021049c02bb0: 0048 be70 | 3a8a 6010 | 0200 0048 | 8386 4801 

  0x0000021049c02bc0: ;   {metadata(method data for {method} {0x0000021000434ed0} 'findLoadedClass' '(Ljava/lang/String;)Ljava/lang/Class;' in 'java/lang/ClassLoader')}
  0x0000021049c02bc0: 0000 0148 | ba88 5724 | 6010 0200 | 008b b2cc | 0000 0083 | c602 89b2 | cc00 0000 | 81e6 feff 
  0x0000021049c02be0: 1f00 85f6 | 0f84 391f 

  0x0000021049c02be8: ;   {metadata(method data for {method} {0x0000021000434ed0} 'findLoadedClass' '(Ljava/lang/String;)Ljava/lang/Class;' in 'java/lang/ClassLoader')}
  0x0000021049c02be8: 0000 48ba | 8857 2460 | 1002 0000 | 4883 8210 | 0100 0001 | 488b 9424 | a000 0000 

  0x0000021049c02c04: ;   {static_call}
  0x0000021049c02c04: 6666 90e8 

  0x0000021049c02c08: ; ImmutableOopMap {[160]=Oop [168]=Oop [208]=Oop [280]=Oop [288]=Oop [344]=Oop }
                      ;*invokestatic checkName {reexecute=0 rethrow=0 return_oop=0}
                      ; - java.lang.ClassLoader::findLoadedClass@1
                      ; - org.eclipse.osgi.internal.loader.ModuleClassLoader::publicFindLoaded@10 (line 324)
                      ; - org.eclipse.osgi.internal.loader.BundleLoader::findClass0@234 (line 509)
  0x0000021049c02c08: 74c1 f906 

  0x0000021049c02c0c: ;   {other}
  0x0000021049c02c0c: 0f1f 8400 | fc2c 0020 

  0x0000021049c02c14: ;   {metadata(method data for {method} {0x0000021000434ed0} 'findLoadedClass' '(Ljava/lang/String;)Ljava/lang/Class;' in 'java/lang/ClassLoader')}
  0x0000021049c02c14: 85c0 49b8 | 8857 2460 | 1002 0000 | 48c7 c220 | 0100 0075 | 0748 c7c2 | 3001 0000 | 498b 3410 
  0x0000021049c02c34: 488d 7601 | 4989 3410 | 0f85 0f00 

  0x0000021049c02c40: ;   {oop(nullptr)}
  0x0000021049c02c40: 0000 48be | 0000 0000 | 0000 0000 | e93e 0000 | 0048 8b84 | 2418 0100 | 004c 8bc0 

  0x0000021049c02c5c: ;   {metadata(method data for {method} {0x0000021000434ed0} 'findLoadedClass' '(Ljava/lang/String;)Ljava/lang/Class;' in 'java/lang/ClassLoader')}
  0x0000021049c02c5c: 48ba 8857 | 2460 1002 | 0000 4883 | 8240 0100 | 0001 4c8b | 8424 a000 | 0000 488b | d066 0f1f 
  0x0000021049c02c7c: ;   {optimized virtual_call}
  0x0000021049c02c7c: 4400 00e8 

  0x0000021049c02c80: ; ImmutableOopMap {[160]=Oop [168]=Oop [208]=Oop [288]=Oop [344]=Oop }
                      ;*invokevirtual findLoadedClass0 {reexecute=0 rethrow=0 return_oop=0}
                      ; - java.lang.ClassLoader::findLoadedClass@11
                      ; - org.eclipse.osgi.internal.loader.ModuleClassLoader::publicFindLoaded@10 (line 324)
                      ; - org.eclipse.osgi.internal.loader.BundleLoader::findClass0@234 (line 509)
  0x0000021049c02c80: fcba f906 

  0x0000021049c02c84: ;   {other}
  0x0000021049c02c84: 0f1f 8400 | 742d 0021 | 488b f048 | 8d84 2450 | 0100 004c | 8b00 4d85 | c00f 840f | 0000 004c 
  0x0000021049c02ca4: 8b48 08f0 | 4d0f b101 | 0f85 921e | 0000 49ff | 8f50 0500 | 0048 8bc6 

  0x0000021049c02cbc: ;   {metadata(method data for {method} {0x000002106058cd28} 'findClass0' '(Ljava/lang/String;ZZ)Ljava/lang/Class;' in 'org/eclipse/osgi/internal/loader/BundleLoader')}
  0x0000021049c02cbc: 4885 c049 | b8e8 178a | 6010 0200 | 0049 c7c1 | 3807 0000 | 7407 49c7 | c148 0700 | 004b 8b14 
  0x0000021049c02cdc: 0848 8d52 | 014b 8914 | 080f 842e | 1500 0048 | 81c4 7001 

  0x0000021049c02cf0: ;   {poll_return}
  0x0000021049c02cf0: 0000 5d49 | 3ba7 5004 | 0000 0f87 | 5a1e 0000 | c348 8b94 | 24a8 0000 

  0x0000021049c02d08: ;   {metadata(method data for {method} {0x000002106058cd28} 'findClass0' '(Ljava/lang/String;ZZ)Ljava/lang/Class;' in 'org/eclipse/osgi/internal/loader/BundleLoader')}
  0x0000021049c02d08: 0049 b8e8 | 178a 6010 | 0200 0049 | 8380 6807 | 0000 014c | 8b84 24b8 

  0x0000021049c02d20: ;   {oop(nullptr)}
  0x0000021049c02d20: 0000 0049 | b900 0000 | 0000 0000 | 0048 8b94 | 24a8 0000 

  0x0000021049c02d34: ;   {optimized virtual_call}
  0x0000021049c02d34: 0066 90e8 

  0x0000021049c02d38: ; ImmutableOopMap {[160]=Oop [168]=Oop [184]=Oop [208]=Oop [232]=Oop }
                      ;*invokespecial findRequiredSource {reexecute=0 rethrow=0 return_oop=0}
                      ; - org.eclipse.osgi.internal.loader.BundleLoader::findClass0@260 (line 516)
  0x0000021049c02d38: 5624 0000 

  0x0000021049c02d3c: ;   {other}
  0x0000021049c02d3c: 0f1f 8400 | 2c2e 0022 | 4889 8424 | 3001 0000 

  0x0000021049c02d4c: ;   {metadata(method data for {method} {0x000002106058cd28} 'findClass0' '(Ljava/lang/String;ZZ)Ljava/lang/Class;' in 'org/eclipse/osgi/internal/loader/BundleLoader')}
  0x0000021049c02d4c: 4885 c048 | bae8 178a | 6010 0200 | 0048 c7c6 | 8807 0000 | 7507 48c7 | c678 0700 | 0048 8b3c 
  0x0000021049c02d6c: 3248 8d7f | 0148 893c | 320f 850d | 0000 0048 | 8bb4 24e8 | 0000 00e9 | e70a 0000 | 488b 9c24 
  0x0000021049c02d8c: d000 0000 

  0x0000021049c02d90: ;   {metadata(method data for {method} {0x000002106058cd28} 'findClass0' '(Ljava/lang/String;ZZ)Ljava/lang/Class;' in 'org/eclipse/osgi/internal/loader/BundleLoader')}
  0x0000021049c02d90: 4885 db48 | bae8 178a | 6010 0200 | 0048 c7c6 | 9807 0000 | 7407 48c7 | c6a8 0700 | 0048 8b3c 
  0x0000021049c02db0: 3248 8d7f | 0148 893c | 3248 899c | 24d0 0000 | 000f 84e5 | 0900 0048 | 8b94 24a8 | 0000 0044 
  0x0000021049c02dd0: 8b4a 184c | 898c 2438 

  0x0000021049c02dd8: ;   {metadata('java/lang/StringBuilder')}
  0x0000021049c02dd8: 0100 0048 | ba40 8000 | 0010 0200 | 0049 8b87 | b801 0000 | 488d 7818 | 493b bfc8 | 0100 000f 
  0x0000021049c02df8: 8773 1d00 | 0049 89bf | b801 0000 | 48c7 0001 | 0000 0048 | 8bca 49ba | 0000 0000 | 1002 0000 
  0x0000021049c02e18: 492b ca89 | 4808 4833 | c989 480c | 4833 c948 | 8948 104c 

  0x0000021049c02e2c: ;   {metadata(method data for {method} {0x000002106058cd28} 'findClass0' '(Ljava/lang/String;ZZ)Ljava/lang/Class;' in 'org/eclipse/osgi/internal/loader/BundleLoader')}
  0x0000021049c02e2c: 8bc0 48ba | e817 8a60 | 1002 0000 | 4883 82b8 | 0700 0001 

  0x0000021049c02e40: ;   {metadata(method data for {method} {0x0000021000461898} '<init>' '(Ljava/lang/String;)V' in 'java/lang/StringBuilder')}
  0x0000021049c02e40: 49b8 f045 | 3160 1002 | 0000 418b | 90cc 0000 | 0083 c202 | 4189 90cc | 0000 0081 | e2fe ff1f 
  0x0000021049c02e60: 0085 d20f | 8414 1d00 | 004c 8bc0 

  0x0000021049c02e6c: ;   {metadata(method data for {method} {0x0000021000461898} '<init>' '(Ljava/lang/String;)V' in 'java/lang/StringBuilder')}
  0x0000021049c02e6c: 48ba f045 | 3160 1002 | 0000 4883 | 8210 0100 

  0x0000021049c02e7c: ;   {oop("BundleLoader["{0x00000000801f6ba0})}
  0x0000021049c02e7c: 0001 49b8 | a06b 1f80 | 0000 0000 | 488b d048 | 8984 2428 | 0100 000f 

  0x0000021049c02e94: ;   {optimized virtual_call}
  0x0000021049c02e94: 1f40 00e8 

  0x0000021049c02e98: ; ImmutableOopMap {[160]=Oop [168]=Oop [184]=Oop [208]=Oop [296]=Oop [304]=Oop [312]=Oop }
                      ;*invokespecial <init> {reexecute=0 rethrow=0 return_oop=0}
                      ; - java.lang.StringBuilder::<init>@2
                      ; - org.eclipse.osgi.internal.loader.BundleLoader::findClass0@288 (line 520)
  0x0000021049c02e98: e4b8 f906 

  0x0000021049c02e9c: ;   {other}
  0x0000021049c02e9c: 0f1f 8400 | 8c2f 0023 | 488b 8424 | 2801 0000 

  0x0000021049c02eac: ;   {metadata(method data for {method} {0x000002106058cd28} 'findClass0' '(Ljava/lang/String;ZZ)Ljava/lang/Class;' in 'org/eclipse/osgi/internal/loader/BundleLoader')}
  0x0000021049c02eac: 48ba e817 | 8a60 1002 | 0000 4883 | 82c8 0700 

  0x0000021049c02ebc: ;   {metadata(method data for {method} {0x0000021000461630} 'append' '(Ljava/lang/Object;)Ljava/lang/StringBuilder;' in 'java/lang/StringBuilder')}
  0x0000021049c02ebc: 0001 48ba | c07a 0960 | 1002 0000 | 8bb2 cc00 | 0000 83c6 | 0289 b2cc | 0000 0081 | e6fe ff1f 
  0x0000021049c02edc: 0085 f60f | 84b9 1c00 

  0x0000021049c02ee4: ;   {metadata(method data for {method} {0x0000021000461630} 'append' '(Ljava/lang/Object;)Ljava/lang/StringBuilder;' in 'java/lang/StringBuilder')}
  0x0000021049c02ee4: 0048 bac0 | 7a09 6010 | 0200 0048 | 8382 1001 

  0x0000021049c02ef4: ;   {metadata(method data for {method} {0x0000021000454d70} 'valueOf' '(Ljava/lang/Object;)Ljava/lang/String;' in 'java/lang/String')}
  0x0000021049c02ef4: 0000 0148 | ba60 7c09 | 6010 0200 | 008b b2cc | 0000 0083 | c602 89b2 | cc00 0000 | 81e6 feff 
  0x0000021049c02f14: 1f00 85f6 | 0f84 a11c 

  0x0000021049c02f1c: ;   {metadata(method data for {method} {0x0000021000454d70} 'valueOf' '(Ljava/lang/Object;)Ljava/lang/String;' in 'java/lang/String')}
  0x0000021049c02f1c: 0000 48ba | 607c 0960 | 1002 0000 | ff82 1001 | 0000 488b | 9424 a800 

  0x0000021049c02f34: ;   {metadata(method data for {method} {0x0000021000454d70} 'valueOf' '(Ljava/lang/Object;)Ljava/lang/String;' in 'java/lang/String')}
  0x0000021049c02f34: 0000 48be | 607c 0960 | 1002 0000 | 8b52 0849 | ba00 0000 | 0010 0200 | 0049 03d2 | 483b 9658 
  0x0000021049c02f54: 0100 0075 | 0d48 8386 | 6001 0000 | 01e9 6000 | 0000 483b | 9668 0100 | 0075 0d48 | 8386 7001 
  0x0000021049c02f74: 0000 01e9 | 4a00 0000 | 4883 be58 | 0100 0000 | 7517 4889 | 9658 0100 | 0048 c786 | 6001 0000 
  0x0000021049c02f94: 0100 0000 | e929 0000 | 0048 83be | 6801 0000 | 0075 1748 | 8996 6801 | 0000 48c7 | 8670 0100 
  0x0000021049c02fb4: 0001 0000 | 00e9 0800 | 0000 4883 | 8648 0100 | 0001 488b | 9424 a800 

  0x0000021049c02fcc: ;   {optimized virtual_call}
  0x0000021049c02fcc: 0000 90e8 

  0x0000021049c02fd0: ; ImmutableOopMap {[160]=Oop [168]=Oop [184]=Oop [208]=Oop [296]=Oop [304]=Oop [312]=Oop }
                      ;*invokevirtual toString {reexecute=0 rethrow=0 return_oop=0}
                      ; - java.lang.String::valueOf@11
                      ; - java.lang.StringBuilder::append@2
                      ; - org.eclipse.osgi.internal.loader.BundleLoader::findClass0@292 (line 520)
  0x0000021049c02fd0: acb7 f906 

  0x0000021049c02fd4: ;   {other}
  0x0000021049c02fd4: 0f1f 8400 | c430 0024 | 4c8b 8424 | 2801 0000 

  0x0000021049c02fe4: ;   {metadata(method data for {method} {0x0000021000461630} 'append' '(Ljava/lang/Object;)Ljava/lang/StringBuilder;' in 'java/lang/StringBuilder')}
  0x0000021049c02fe4: 48ba c07a | 0960 1002 | 0000 4883 | 8220 0100 

  0x0000021049c02ff4: ;   {metadata(method data for {method} {0x00000210004615d8} 'append' '(Ljava/lang/String;)Ljava/lang/StringBuilder;' in 'java/lang/StringBuilder')}
  0x0000021049c02ff4: 0001 49b8 | 20c7 0060 | 1002 0000 | 418b 90cc | 0000 0083 | c202 4189 | 90cc 0000 | 0081 e2fe 
  0x0000021049c03014: ff1f 0085 | d20f 84c1 | 1b00 004c | 8b84 2428 

  0x0000021049c03024: ;   {metadata(method data for {method} {0x00000210004615d8} 'append' '(Ljava/lang/String;)Ljava/lang/StringBuilder;' in 'java/lang/StringBuilder')}
  0x0000021049c03024: 0100 0048 | ba20 c700 | 6010 0200 | 0048 8382 | 1001 0000 | 014c 8bc0 | 488b 9424 | 2801 0000 
  0x0000021049c03044: ;   {optimized virtual_call}
  0x0000021049c03044: 6666 90e8 

  0x0000021049c03048: ; ImmutableOopMap {[160]=Oop [168]=Oop [184]=Oop [208]=Oop [296]=Oop [304]=Oop [312]=Oop }
                      ;*invokespecial append {reexecute=0 rethrow=0 return_oop=0}
                      ; - java.lang.StringBuilder::append@2
                      ; - java.lang.StringBuilder::append@5
                      ; - org.eclipse.osgi.internal.loader.BundleLoader::findClass0@292 (line 520)
  0x0000021049c03048: 34b7 f906 

  0x0000021049c0304c: ;   {other}
  0x0000021049c0304c: 0f1f 8400 | 3c31 0025 | 4c8b 8424 | 2801 0000 

  0x0000021049c0305c: ;   {metadata(method data for {method} {0x000002106058cd28} 'findClass0' '(Ljava/lang/String;ZZ)Ljava/lang/Class;' in 'org/eclipse/osgi/internal/loader/BundleLoader')}
  0x0000021049c0305c: 48ba e817 | 8a60 1002 | 0000 4883 | 8200 0800 

  0x0000021049c0306c: ;   {metadata(method data for {method} {0x00000210004615d8} 'append' '(Ljava/lang/String;)Ljava/lang/StringBuilder;' in 'java/lang/StringBuilder')}
  0x0000021049c0306c: 0001 49b8 | 20c7 0060 | 1002 0000 | 418b 90cc | 0000 0083 | c202 4189 | 90cc 0000 | 0081 e2fe 
  0x0000021049c0308c: ff1f 0085 | d20f 846a | 1b00 004c | 8b84 2428 

  0x0000021049c0309c: ;   {metadata(method data for {method} {0x00000210004615d8} 'append' '(Ljava/lang/String;)Ljava/lang/StringBuilder;' in 'java/lang/StringBuilder')}
  0x0000021049c0309c: 0100 0048 | ba20 c700 | 6010 0200 | 0048 8382 | 1001 0000 

  0x0000021049c030b0: ;   {oop("] loading from required bundle package: "{0x0000000080613eb8})}
  0x0000021049c030b0: 0149 b8b8 | 3e61 8000 | 0000 0048 | 8b94 2428 | 0100 000f 

  0x0000021049c030c4: ;   {optimized virtual_call}
  0x0000021049c030c4: 1f40 00e8 

  0x0000021049c030c8: ; ImmutableOopMap {[160]=Oop [168]=Oop [184]=Oop [208]=Oop [296]=Oop [304]=Oop [312]=Oop }
                      ;*invokespecial append {reexecute=0 rethrow=0 return_oop=0}
                      ; - java.lang.StringBuilder::append@2
                      ; - org.eclipse.osgi.internal.loader.BundleLoader::findClass0@298 (line 520)
  0x0000021049c030c8: b4b6 f906 

  0x0000021049c030cc: ;   {other}
  0x0000021049c030cc: 0f1f 8400 | bc31 0026 | 488b 8424 | 2801 0000 

  0x0000021049c030dc: ;   {metadata(method data for {method} {0x000002106058cd28} 'findClass0' '(Ljava/lang/String;ZZ)Ljava/lang/Class;' in 'org/eclipse/osgi/internal/loader/BundleLoader')}
  0x0000021049c030dc: 48ba e817 | 8a60 1002 | 0000 4883 | 8238 0800 

  0x0000021049c030ec: ;   {metadata(method data for {method} {0x0000021000461630} 'append' '(Ljava/lang/Object;)Ljava/lang/StringBuilder;' in 'java/lang/StringBuilder')}
  0x0000021049c030ec: 0001 48ba | c07a 0960 | 1002 0000 | 8bb2 cc00 | 0000 83c6 | 0289 b2cc | 0000 0081 | e6fe ff1f 
  0x0000021049c0310c: 0085 f60f | 840d 1b00 

  0x0000021049c03114: ;   {metadata(method data for {method} {0x0000021000461630} 'append' '(Ljava/lang/Object;)Ljava/lang/StringBuilder;' in 'java/lang/StringBuilder')}
  0x0000021049c03114: 0048 bac0 | 7a09 6010 | 0200 0048 | 8382 1001 

  0x0000021049c03124: ;   {metadata(method data for {method} {0x0000021000454d70} 'valueOf' '(Ljava/lang/Object;)Ljava/lang/String;' in 'java/lang/String')}
  0x0000021049c03124: 0000 0148 | ba60 7c09 | 6010 0200 | 008b b2cc | 0000 0083 | c602 89b2 | cc00 0000 | 81e6 feff 
  0x0000021049c03144: 1f00 85f6 | 0f84 f51a | 0000 488b | 8424 3001 | 0000 4885 

  0x0000021049c03158: ;   {metadata(method data for {method} {0x0000021000454d70} 'valueOf' '(Ljava/lang/Object;)Ljava/lang/String;' in 'java/lang/String')}
  0x0000021049c03158: c048 ba60 | 7c09 6010 | 0200 0048 | c7c6 1001 | 0000 7507 | 48c7 c620 | 0100 0048 | 8b3c 3248 
  0x0000021049c03178: 8d7f 0148 | 893c 320f | 851f 0000 

  0x0000021049c03184: ;   {metadata(method data for {method} {0x0000021000454d70} 'valueOf' '(Ljava/lang/Object;)Ljava/lang/String;' in 'java/lang/String')}
  0x0000021049c03184: 0048 ba60 | 7c09 6010 | 0200 00ff | 8230 0100 

  0x0000021049c03194: ;   {oop("null"{0x0000000080000c88})}
  0x0000021049c03194: 0048 be88 | 0c00 8000 | 0000 00e9 | ab00 0000 

  0x0000021049c031a4: ; implicit exception: dispatches to 0x0000021049c04c64
  0x0000021049c031a4: 483b 0048 

  0x0000021049c031a8: ;   {metadata(method data for {method} {0x0000021000454d70} 'valueOf' '(Ljava/lang/Object;)Ljava/lang/String;' in 'java/lang/String')}
  0x0000021049c031a8: 8bd0 48be | 607c 0960 | 1002 0000 | 8b52 0849 | ba00 0000 | 0010 0200 | 0049 03d2 | 483b 9658 
  0x0000021049c031c8: 0100 0075 | 0d48 8386 | 6001 0000 | 01e9 6000 | 0000 483b | 9668 0100 | 0075 0d48 | 8386 7001 
  0x0000021049c031e8: 0000 01e9 | 4a00 0000 | 4883 be58 | 0100 0000 | 7517 4889 | 9658 0100 | 0048 c786 | 6001 0000 
  0x0000021049c03208: 0100 0000 | e929 0000 | 0048 83be | 6801 0000 | 0075 1748 | 8996 6801 | 0000 48c7 | 8670 0100 
  0x0000021049c03228: 0001 0000 | 00e9 0800 | 0000 4883 | 8648 0100 | 0001 488b 

  0x0000021049c0323c: ;   {optimized virtual_call}
  0x0000021049c0323c: d066 90e8 

  0x0000021049c03240: ; ImmutableOopMap {[160]=Oop [168]=Oop [184]=Oop [208]=Oop [296]=Oop [304]=Oop [312]=Oop }
                      ;*invokevirtual toString {reexecute=0 rethrow=0 return_oop=0}
                      ; - java.lang.String::valueOf@11
                      ; - java.lang.StringBuilder::append@2
                      ; - org.eclipse.osgi.internal.loader.BundleLoader::findClass0@303 (line 520)
  0x0000021049c03240: 3cb5 f906 

  0x0000021049c03244: ;   {other}
  0x0000021049c03244: 0f1f 8400 | 3433 0027 | 488b f048 | 8b84 2428 

  0x0000021049c03254: ;   {metadata(method data for {method} {0x0000021000461630} 'append' '(Ljava/lang/Object;)Ljava/lang/StringBuilder;' in 'java/lang/StringBuilder')}
  0x0000021049c03254: 0100 0049 | b8c0 7a09 | 6010 0200 | 0049 8380 | 2001 0000 

  0x0000021049c03268: ;   {metadata(method data for {method} {0x00000210004615d8} 'append' '(Ljava/lang/String;)Ljava/lang/StringBuilder;' in 'java/lang/StringBuilder')}
  0x0000021049c03268: 0149 b820 | c700 6010 | 0200 0041 | 8b90 cc00 | 0000 83c2 | 0241 8990 | cc00 0000 | 81e2 feff 
  0x0000021049c03288: 1f00 85d2 | 0f84 d719 | 0000 488b | 8424 2801 

  0x0000021049c03298: ;   {metadata(method data for {method} {0x00000210004615d8} 'append' '(Ljava/lang/String;)Ljava/lang/StringBuilder;' in 'java/lang/StringBuilder')}
  0x0000021049c03298: 0000 49b8 | 20c7 0060 | 1002 0000 | 4983 8010 | 0100 0001 | 4c8b c648 | 8b94 2428 

  0x0000021049c032b4: ;   {optimized virtual_call}
  0x0000021049c032b4: 0100 00e8 

  0x0000021049c032b8: ; ImmutableOopMap {[160]=Oop [168]=Oop [184]=Oop [208]=Oop [296]=Oop [304]=Oop [312]=Oop }
                      ;*invokespecial append {reexecute=0 rethrow=0 return_oop=0}
                      ; - java.lang.StringBuilder::append@2
                      ; - java.lang.StringBuilder::append@5
                      ; - org.eclipse.osgi.internal.loader.BundleLoader::findClass0@303 (line 520)
  0x0000021049c032b8: c4b4 f906 

  0x0000021049c032bc: ;   {other}
  0x0000021049c032bc: 0f1f 8400 | ac33 0028 | 4c8b 8424 | 2801 0000 

  0x0000021049c032cc: ;   {metadata(method data for {method} {0x000002106058cd28} 'findClass0' '(Ljava/lang/String;ZZ)Ljava/lang/Class;' in 'org/eclipse/osgi/internal/loader/BundleLoader')}
  0x0000021049c032cc: 498b c048 | bae8 178a | 6010 0200 | 0048 8382 | 7008 0000 

  0x0000021049c032e0: ;   {metadata(method data for {method} {0x0000021000008958} 'toString' '()Ljava/lang/String;' in 'java/lang/StringBuilder')}
  0x0000021049c032e0: 0148 ba48 | ce00 6010 | 0200 008b | b2cc 0000 | 0083 c602 | 89b2 cc00 | 0000 81e6 | feff 1f00 
  0x0000021049c03300: 85f6 0f84 | 8219 0000 

  0x0000021049c03308: ;   {metadata('java/lang/String')}
  0x0000021049c03308: 48ba 78e8 | 0000 1002 | 0000 498b | 87b8 0100 | 0048 8d78 | 1849 3bbf | c801 0000 | 0f87 8119 
  0x0000021049c03328: 0000 4989 | bfb8 0100 | 0048 c700 | 0100 0000 | 488b ca49 | ba00 0000 | 0010 0200 | 0049 2bca 
  0x0000021049c03348: 8948 0848 | 33c9 8948 | 0c48 33c9 | 4889 4810 

  0x0000021049c03358: ;   {metadata(method data for {method} {0x0000021000008958} 'toString' '()Ljava/lang/String;' in 'java/lang/StringBuilder')}
  0x0000021049c03358: 488b d048 | be48 ce00 | 6010 0200 | 0048 8386 | 1001 0000 

  0x0000021049c0336c: ;   {metadata(method data for {method} {0x00000210004558c8} '<init>' '(Ljava/lang/StringBuilder;)V' in 'java/lang/String')}
  0x0000021049c0336c: 0148 ba90 | cf00 6010 | 0200 008b | b2cc 0000 | 0083 c602 | 89b2 cc00 | 0000 81e6 | feff 1f00 
  0x0000021049c0338c: 85f6 0f84 | 2419 0000 

  0x0000021049c03394: ;   {metadata(method data for {method} {0x00000210004558c8} '<init>' '(Ljava/lang/StringBuilder;)V' in 'java/lang/String')}
  0x0000021049c03394: 488b d048 | be90 cf00 | 6010 0200 | 0048 8386 | 1001 0000 

  0x0000021049c033a8: ;   {oop(nullptr)}
  0x0000021049c033a8: 0149 b900 | 0000 0000 | 0000 0048 | 8bd0 4889 | 8424 4001 

  0x0000021049c033bc: ;   {optimized virtual_call}
  0x0000021049c033bc: 0000 90e8 

  0x0000021049c033c0: ; ImmutableOopMap {[160]=Oop [168]=Oop [184]=Oop [208]=Oop [304]=Oop [312]=Oop [320]=Oop }
                      ;*invokespecial <init> {reexecute=0 rethrow=0 return_oop=0}
                      ; - java.lang.String::<init>@3
                      ; - java.lang.StringBuilder::toString@5
                      ; - org.eclipse.osgi.internal.loader.BundleLoader::findClass0@306 (line 520)
  0x0000021049c033c0: bcb3 f906 

  0x0000021049c033c4: ;   {other}
  0x0000021049c033c4: 0f1f 8400 | b434 0029 | 4c8b 8c24 | 3801 0000 

  0x0000021049c033d4: ; implicit exception: dispatches to 0x0000021049c04cd9
  0x0000021049c033d4: 493b 014d 

  0x0000021049c033d8: ;   {metadata(method data for {method} {0x000002106058cd28} 'findClass0' '(Ljava/lang/String;ZZ)Ljava/lang/Class;' in 'org/eclipse/osgi/internal/loader/BundleLoader')}
  0x0000021049c033d8: 8bc1 48ba | e817 8a60 | 1002 0000 

  0x0000021049c033e4: ;   {metadata('org/eclipse/osgi/internal/debug/Debug')}
  0x0000021049c033e4: 49ba 8009 | 0901 1002 | 0000 4c89 | 92b8 0800 | 0048 8382 | c008 0000 

  0x0000021049c033fc: ;   {metadata(method data for {method} {0x00000210604e53d0} 'trace' '(Ljava/lang/String;Ljava/lang/String;)V' in 'org/eclipse/osgi/internal/debug/Debug')}
  0x0000021049c033fc: 0149 b860 | d683 6010 | 0200 0041 | 8b90 cc00 | 0000 83c2 | 0241 8990 | cc00 0000 | 81e2 feff 
  0x0000021049c0341c: 1f00 85d2 | 0f84 b818 | 0000 418b | 5124 4885 

  0x0000021049c0342c: ;   {metadata(method data for {method} {0x00000210604e53d0} 'trace' '(Ljava/lang/String;Ljava/lang/String;)V' in 'org/eclipse/osgi/internal/debug/Debug')}
  0x0000021049c0342c: d249 b860 | d683 6010 | 0200 0049 | c7c1 1001 | 0000 7407 | 49c7 c120 | 0100 004b | 8b34 0848 
  0x0000021049c0344c: 8d76 014b | 8934 080f | 84f9 0200 | 0048 85d2 | 0f84 2900 

  0x0000021049c03460: ;   {metadata('org/eclipse/osgi/internal/log/ExtendedLogServiceImpl')}
  0x0000021049c03460: 0000 48bf | 4056 0901 | 1002 0000 | 8b72 0849 | ba00 0000 | 0010 0200 | 0049 03f2 | 483b 7e38 
  0x0000021049c03480: 0f85 7918 | 0000 e900 | 0000 004c | 8bc2 483b | 024c 8bc2 

  0x0000021049c03494: ;   {metadata(method data for {method} {0x00000210604e53d0} 'trace' '(Ljava/lang/String;Ljava/lang/String;)V' in 'org/eclipse/osgi/internal/debug/Debug')}
  0x0000021049c03494: 49b9 60d6 | 8360 1002 

  0x0000021049c0349c: ;   {metadata('org/eclipse/osgi/internal/log/ExtendedLogServiceImpl')}
  0x0000021049c0349c: 0000 49ba | 4056 0901 | 1002 0000 | 4d89 9140 | 0100 0049 | 8381 4801 

  0x0000021049c034b4: ;   {metadata(method data for {method} {0x000002106050ca80} 'getLogger' '(Ljava/lang/String;)Lorg/osgi/service/log/Logger;' in 'org/eclipse/osgi/internal/log/ExtendedLogServiceImpl')}
  0x0000021049c034b4: 0000 0149 | b8a0 d883 | 6010 0200 | 0045 8b88 | cc00 0000 | 4183 c102 | 4589 88cc | 0000 0041 
  0x0000021049c034d4: 81e1 feff | 1f00 4585 | c90f 8426 | 1800 004c 

  0x0000021049c034e4: ;   {metadata(method data for {method} {0x000002106050ca80} 'getLogger' '(Ljava/lang/String;)Lorg/osgi/service/log/Logger;' in 'org/eclipse/osgi/internal/log/ExtendedLogServiceImpl')}
  0x0000021049c034e4: 8bc2 49b9 | a0d8 8360 | 1002 0000 

  0x0000021049c034f0: ;   {metadata('org/eclipse/osgi/internal/log/ExtendedLogServiceImpl')}
  0x0000021049c034f0: 49ba 4056 | 0901 1002 | 0000 4d89 | 9120 0100 | 0049 8381 | 2801 0000 

  0x0000021049c03508: ;   {metadata(method data for {method} {0x000002106050a308} 'getLogger' '(Ljava/lang/String;)Lorg/eclipse/equinox/log/Logger;' in 'org/eclipse/osgi/internal/log/ExtendedLogServiceImpl')}
  0x0000021049c03508: 0149 b830 | da83 6010 | 0200 0045 | 8b88 cc00 | 0000 4183 | c102 4589 | 88cc 0000 | 0041 81e1 
  0x0000021049c03528: feff 1f00 | 4585 c90f | 84f5 1700 | 004c 8bc2 

  0x0000021049c03538: ;   {metadata(method data for {method} {0x000002106050a308} 'getLogger' '(Ljava/lang/String;)Lorg/eclipse/equinox/log/Logger;' in 'org/eclipse/osgi/internal/log/ExtendedLogServiceImpl')}
  0x0000021049c03538: 49b9 30da | 8360 1002 

  0x0000021049c03540: ;   {metadata('org/eclipse/osgi/internal/log/ExtendedLogServiceImpl')}
  0x0000021049c03540: 0000 49ba | 4056 0901 | 1002 0000 | 4d89 9120 | 0100 0049 | 8381 2801 | 0000 014c | 8b84 24d0 
  0x0000021049c03560: ;   {oop(a 'java/lang/Class'{0x00000000d7544290} = 'org/osgi/service/log/Logger')}
  0x0000021049c03560: 0000 0049 | b990 4254 | d700 0000 

  0x0000021049c0356c: ;   {optimized virtual_call}
  0x0000021049c0356c: 0066 90e8 

  0x0000021049c03570: ; ImmutableOopMap {[160]=Oop [168]=Oop [184]=Oop [208]=Oop [304]=Oop [320]=Oop }
                      ;*invokevirtual getLogger {reexecute=0 rethrow=0 return_oop=0}
                      ; - org.eclipse.osgi.internal.log.ExtendedLogServiceImpl::getLogger@4 (line 73)
                      ; - org.eclipse.osgi.internal.log.ExtendedLogServiceImpl::getLogger@2 (line 1)
                      ; - org.eclipse.osgi.internal.debug.Debug::trace@11 (line 265)
                      ; - org.eclipse.osgi.internal.loader.BundleLoader::findClass0@309 (line 519)
  0x0000021049c03570: 0cb2 f906 

  0x0000021049c03574: ;   {other}
  0x0000021049c03574: 0f1f 8400 | 6436 002a | 4885 c075 

  0x0000021049c03580: ;   {metadata(method data for {method} {0x000002106050a308} 'getLogger' '(Ljava/lang/String;)Lorg/eclipse/equinox/log/Logger;' in 'org/eclipse/osgi/internal/log/ExtendedLogServiceImpl')}
  0x0000021049c03580: 1648 be30 | da83 6010 | 0200 0080 | 8e41 0100 | 0001 e9e7 

  0x0000021049c03594: ;   {metadata('org/eclipse/equinox/log/Logger')}
  0x0000021049c03594: 0000 0048 | bff8 2909 | 0110 0200 | 008b 7008 | 49ba 0000 | 0000 1002 | 0000 4903 | f248 3b7e 
  0x0000021049c035b4: 200f 841a | 0000 0048 | 3bf7 0f84 | 1100 0000 

  0x0000021049c035c4: ;   {runtime_call slow_subtype_check Runtime1 stub}
  0x0000021049c035c4: 5657 e835 | e704 075e | 5e85 f60f | 848d 0000 

  0x0000021049c035d4: ;   {metadata(method data for {method} {0x000002106050a308} 'getLogger' '(Ljava/lang/String;)Lorg/eclipse/equinox/log/Logger;' in 'org/eclipse/osgi/internal/log/ExtendedLogServiceImpl')}
  0x0000021049c035d4: 0048 be30 | da83 6010 | 0200 008b | 7808 49ba | 0000 0000 | 1002 0000 | 4903 fa48 | 3bbe 5801 
  0x0000021049c035f4: 0000 750d | 4883 8660 | 0100 0001 | e979 0000 | 0048 3bbe | 6801 0000 | 750d 4883 | 8670 0100 
  0x0000021049c03614: 0001 e963 | 0000 0048 | 83be 5801 | 0000 0075 | 1748 89be | 5801 0000 | 48c7 8660 | 0100 0001 
  0x0000021049c03634: 0000 00e9 | 4200 0000 | 4883 be68 | 0100 0000 | 7517 4889 | be68 0100 | 0048 c786 | 7001 0000 
  0x0000021049c03654: 0100 0000 | e921 0000 | 00e9 1c00 

  0x0000021049c03660: ;   {metadata(method data for {method} {0x000002106050a308} 'getLogger' '(Ljava/lang/String;)Lorg/eclipse/equinox/log/Logger;' in 'org/eclipse/osgi/internal/log/ExtendedLogServiceImpl')}
  0x0000021049c03660: 0000 48be | 30da 8360 | 1002 0000 | 4883 ae48 | 0100 0001 | e9d2 1600 | 00e9 0000 | 0000 488b 
  0x0000021049c03680: d048 3b02 

  0x0000021049c03684: ;   {metadata(method data for {method} {0x00000210604e53d0} 'trace' '(Ljava/lang/String;Ljava/lang/String;)V' in 'org/eclipse/osgi/internal/debug/Debug')}
  0x0000021049c03684: 4c8b c248 | be60 d683 | 6010 0200 | 0045 8b40 | 0849 ba00 | 0000 0010 | 0200 004d | 03c2 4c3b 
  0x0000021049c036a4: 8678 0100 | 0075 0d48 | 8386 8001 | 0000 01e9 | 6000 0000 | 4c3b 8688 | 0100 0075 | 0d48 8386 
  0x0000021049c036c4: 9001 0000 | 01e9 4a00 | 0000 4883 | be78 0100 | 0000 7517 | 4c89 8678 | 0100 0048 | c786 8001 
  0x0000021049c036e4: 0000 0100 | 0000 e929 | 0000 0048 | 83be 8801 | 0000 0075 | 174c 8986 | 8801 0000 | 48c7 8690 
  0x0000021049c03704: 0100 0001 | 0000 00e9 | 0800 0000 | 4883 8668 | 0100 0001 | 4c8b 8424 | 4001 0000 | 0f1f 4400 
  0x0000021049c03724: 0048 b8ff | ffff ffff 

  0x0000021049c0372c: ;   {virtual_call}
  0x0000021049c0372c: ffff ffe8 

  0x0000021049c03730: ; ImmutableOopMap {[160]=Oop [168]=Oop [184]=Oop [208]=Oop [304]=Oop }
                      ;*invokeinterface debug {reexecute=0 rethrow=0 return_oop=0}
                      ; - org.eclipse.osgi.internal.debug.Debug::trace@17 (line 265)
                      ; - org.eclipse.osgi.internal.loader.BundleLoader::findClass0@309 (line 519)
  0x0000021049c03730: 4cb3 f906 

  0x0000021049c03734: ;   {other}
  0x0000021049c03734: 0f1f 8400 | 2438 002b 

  0x0000021049c0373c: ;   {metadata(method data for {method} {0x00000210604e53d0} 'trace' '(Ljava/lang/String;Ljava/lang/String;)V' in 'org/eclipse/osgi/internal/debug/Debug')}
  0x0000021049c0373c: 49b8 60d6 | 8360 1002 | 0000 41ff | 80a0 0100 | 00e9 5200 | 0000 488b | 8424 4001 

  0x0000021049c03758: ;   {oop(a 'java/lang/Class'{0x00000000d7545540} = 'org/eclipse/osgi/internal/debug/Debug')}
  0x0000021049c03758: 0000 49b8 | 4055 54d7 | 0000 0000 | 418b 90d0 | 0000 0048 | 3b02 4c8b 

  0x0000021049c03770: ;   {metadata(method data for {method} {0x00000210604e53d0} 'trace' '(Ljava/lang/String;Ljava/lang/String;)V' in 'org/eclipse/osgi/internal/debug/Debug')}
  0x0000021049c03770: c248 be60 | d683 6010 

  0x0000021049c03778: ;   {metadata('java/io/PrintStream')}
  0x0000021049c03778: 0200 0049 | bac8 a300 | 0010 0200 | 004c 8996 | c801 0000 | 4883 86d0 | 0100 0001 

  0x0000021049c03794: ;   {optimized virtual_call}
  0x0000021049c03794: 4c8b c0e8 

  0x0000021049c03798: ; ImmutableOopMap {[160]=Oop [168]=Oop [184]=Oop [208]=Oop [304]=Oop }
                      ;*invokevirtual println {reexecute=0 rethrow=0 return_oop=0}
                      ; - org.eclipse.osgi.internal.debug.Debug::trace@29 (line 267)
                      ; - org.eclipse.osgi.internal.loader.BundleLoader::findClass0@309 (line 519)
  0x0000021049c03798: e4af f906 

  0x0000021049c0379c: ;   {other}
  0x0000021049c0379c: 0f1f 8400 | 8c38 002c | 488b 8424 | 3001 0000 

  0x0000021049c037ac: ; implicit exception: dispatches to 0x0000021049c04d5e
  0x0000021049c037ac: 483b 004c 

  0x0000021049c037b0: ;   {metadata(method data for {method} {0x000002106058cd28} 'findClass0' '(Ljava/lang/String;ZZ)Ljava/lang/Class;' in 'org/eclipse/osgi/internal/loader/BundleLoader')}
  0x0000021049c037b0: 8bc0 48ba | e817 8a60 | 1002 0000 | 458b 4008 | 49ba 0000 | 0000 1002 | 0000 4d03 | c24c 3b82 
  0x0000021049c037d0: f008 0000 | 750d 4883 | 82f8 0800 | 0001 e960 | 0000 004c | 3b82 0009 | 0000 750d | 4883 8208 
  0x0000021049c037f0: 0900 0001 | e94a 0000 | 0048 83ba | f008 0000 | 0075 174c | 8982 f008 | 0000 48c7 | 82f8 0800 
  0x0000021049c03810: 0001 0000 | 00e9 2900 | 0000 4883 | ba00 0900 | 0000 7517 | 4c89 8200 | 0900 0048 | c782 0809 
  0x0000021049c03830: 0000 0100 | 0000 e908 | 0000 0048 | 8382 e008 | 0000 014c | 8b84 24a0 | 0000 0048 | 8bd0 0f1f 
  0x0000021049c03850: 8000 0000 | 0048 b860 | 88b8 6410 

  0x0000021049c0385c: ;   {virtual_call}
  0x0000021049c0385c: 0200 00e8 

  0x0000021049c03860: ; ImmutableOopMap {[160]=Oop [168]=Oop [184]=Oop [208]=Oop [304]=Oop }
                      ;*invokevirtual loadClass {reexecute=0 rethrow=0 return_oop=0}
                      ; - org.eclipse.osgi.internal.loader.BundleLoader::findClass0@315 (line 523)
  0x0000021049c03860: d1fe f906 

  0x0000021049c03864: ;   {other}
  0x0000021049c03864: 0f1f 8400 | 5439 002d | 488b f048 

  0x0000021049c03870: ;   {metadata(method data for {method} {0x000002106058cd28} 'findClass0' '(Ljava/lang/String;ZZ)Ljava/lang/Class;' in 'org/eclipse/osgi/internal/loader/BundleLoader')}
  0x0000021049c03870: 85f6 49b8 | e817 8a60 | 1002 0000 | 48c7 c218 | 0900 0075 | 0748 c7c2 | 2809 0000 | 498b 3c10 
  0x0000021049c03890: 488d 7f01 | 4989 3c10 | 0f85 c900 | 0000 488b | 9424 a800 

  0x0000021049c038a4: ;   {metadata(method data for {method} {0x000002106058cd28} 'findClass0' '(Ljava/lang/String;ZZ)Ljava/lang/Class;' in 'org/eclipse/osgi/internal/loader/BundleLoader')}
  0x0000021049c038a4: 0000 49b8 | e817 8a60 | 1002 0000 | 8b52 0849 | ba00 0000 | 0010 0200 | 0049 03d2 | 493b 9048 
  0x0000021049c038c4: 0900 0075 | 0d49 8380 | 5009 0000 | 01e9 6000 | 0000 493b | 9058 0900 | 0075 0d49 | 8380 6009 
  0x0000021049c038e4: 0000 01e9 | 4a00 0000 | 4983 b848 | 0900 0000 | 7517 4989 | 9048 0900 | 0049 c780 | 5009 0000 
  0x0000021049c03904: 0100 0000 | e929 0000 | 0049 83b8 | 5809 0000 | 0075 1749 | 8990 5809 | 0000 49c7 | 8060 0900 
  0x0000021049c03924: 0001 0000 | 00e9 0800 | 0000 4983 | 8038 0900 | 0001 4c8b | 8424 a000 | 0000 488b | 9424 a800 
  0x0000021049c03944: 0000 0f1f | 8000 0000 | 0048 b8c0 | 85b8 6410 

  0x0000021049c03954: ;   {virtual_call}
  0x0000021049c03954: 0200 00e8 

  0x0000021049c03958: ; ImmutableOopMap {[160]=Oop [168]=Oop [184]=Oop [208]=Oop [304]=Oop }
                      ;*invokevirtual findLocalClass {reexecute=0 rethrow=0 return_oop=0}
                      ; - org.eclipse.osgi.internal.loader.BundleLoader::findClass0@327 (line 527)
  0x0000021049c03958: d9fd f906 

  0x0000021049c0395c: ;   {other}
  0x0000021049c0395c: 0f1f 8400 | 4c3a 002e | 488b f048 

  0x0000021049c03968: ;   {metadata(method data for {method} {0x000002106058cd28} 'findClass0' '(Ljava/lang/String;ZZ)Ljava/lang/Class;' in 'org/eclipse/osgi/internal/loader/BundleLoader')}
  0x0000021049c03968: 85f6 49b8 | e817 8a60 | 1002 0000 | 48c7 c280 | 0900 0075 | 0748 c7c2 | 7009 0000 | 498b 3c10 
  0x0000021049c03988: 488d 7f01 | 4989 3c10 | 0f85 5408 | 0000 488b | 8424 3001 | 0000 4885 

  0x0000021049c039a0: ;   {metadata(method data for {method} {0x000002106058cd28} 'findClass0' '(Ljava/lang/String;ZZ)Ljava/lang/Class;' in 'org/eclipse/osgi/internal/loader/BundleLoader')}
  0x0000021049c039a0: c049 b8e8 | 178a 6010 | 0200 0048 | c7c2 9009 | 0000 7507 | 48c7 c2a0 | 0900 0049 | 8b3c 1048 
  0x0000021049c039c0: 8d7f 0149 | 893c 100f | 857e 0000 | 0048 89b4 | 2448 0100 | 0048 8bb4 | 24b8 0000 | 0048 8b94 
  0x0000021049c039e0: 24a8 0000 

  0x0000021049c039e4: ;   {metadata(method data for {method} {0x000002106058cd28} 'findClass0' '(Ljava/lang/String;ZZ)Ljava/lang/Class;' in 'org/eclipse/osgi/internal/loader/BundleLoader')}
  0x0000021049c039e4: 0049 b8e8 | 178a 6010 | 0200 0049 | 8380 b009 | 0000 014c | 8bc6 488b | 9424 a800 | 0000 0f1f 
  0x0000021049c03a04: ;   {optimized virtual_call}
  0x0000021049c03a04: 4400 00e8 

  0x0000021049c03a08: ; ImmutableOopMap {[160]=Oop [168]=Oop [208]=Oop [328]=Oop }
                      ;*invokespecial findDynamicSource {reexecute=0 rethrow=0 return_oop=0}
                      ; - org.eclipse.osgi.internal.loader.BundleLoader::findClass0@348 (line 533)
  0x0000021049c03a08: 9517 0000 

  0x0000021049c03a0c: ;   {other}
  0x0000021049c03a0c: 0f1f 8400 | fc3a 002f 

  0x0000021049c03a14: ;   {metadata(method data for {method} {0x000002106058cd28} 'findClass0' '(Ljava/lang/String;ZZ)Ljava/lang/Class;' in 'org/eclipse/osgi/internal/loader/BundleLoader')}
  0x0000021049c03a14: 4885 c049 | b8e8 178a | 6010 0200 | 0049 c7c1 | d009 0000 | 7507 49c7 | c1c0 0900 | 004b 8b14 
  0x0000021049c03a34: 0848 8d52 | 014b 8914 | 080f 8583 | 0100 0048 | 8bb4 2448 | 0100 0048 

  0x0000021049c03a4c: ;   {metadata(method data for {method} {0x000002106058cd28} 'findClass0' '(Ljava/lang/String;ZZ)Ljava/lang/Class;' in 'org/eclipse/osgi/internal/loader/BundleLoader')}
  0x0000021049c03a4c: 85f6 49b8 | e817 8a60 | 1002 0000 | 49c7 c148 | 0a00 0075 | 0749 c7c1 | 580a 0000 | 4b8b 1408 
  0x0000021049c03a6c: 488d 5201 | 4b89 1408 | 0f85 7202 | 0000 4889 | b424 4801 | 0000 488b | 9424 a800 

  0x0000021049c03a88: ;   {metadata(method data for {method} {0x000002106058cd28} 'findClass0' '(Ljava/lang/String;ZZ)Ljava/lang/Class;' in 'org/eclipse/osgi/internal/loader/BundleLoader')}
  0x0000021049c03a88: 0000 49b8 | e817 8a60 | 1002 0000 | 4983 8068 | 0a00 0001 | 4c8b 8424 | a000 0000 | 41b9 0200 
  0x0000021049c03aa8: 0000 488b | 9424 a800 | 0000 0f1f 

  0x0000021049c03ab4: ;   {optimized virtual_call}
  0x0000021049c03ab4: 4400 00e8 

  0x0000021049c03ab8: ; ImmutableOopMap {[160]=Oop [168]=Oop [208]=Oop [328]=Oop }
                      ;*invokespecial searchHooks {reexecute=0 rethrow=0 return_oop=0}
                      ; - org.eclipse.osgi.internal.loader.BundleLoader::findClass0@391 (line 544)
  0x0000021049c03ab8: 0317 0000 

  0x0000021049c03abc: ;   {other}
  0x0000021049c03abc: 0f1f 8400 | ac3b 0030 | 4885 c075 

  0x0000021049c03ac8: ;   {metadata(method data for {method} {0x000002106058cd28} 'findClass0' '(Ljava/lang/String;ZZ)Ljava/lang/Class;' in 'org/eclipse/osgi/internal/loader/BundleLoader')}
  0x0000021049c03ac8: 1648 bee8 | 178a 6010 | 0200 0080 | 8e71 0a00 | 0001 e9cc 

  0x0000021049c03adc: ;   {metadata('java/lang/Class')}
  0x0000021049c03adc: 0000 0048 | bf50 6b00 | 0010 0200 | 008b 5008 | 49ba 0000 | 0000 1002 | 0000 4903 | d248 3bfa 
  0x0000021049c03afc: 0f85 8d00 

  0x0000021049c03b00: ;   {metadata(method data for {method} {0x000002106058cd28} 'findClass0' '(Ljava/lang/String;ZZ)Ljava/lang/Class;' in 'org/eclipse/osgi/internal/loader/BundleLoader')}
  0x0000021049c03b00: 0000 48be | e817 8a60 | 1002 0000 | 8b78 0849 | ba00 0000 | 0010 0200 | 0049 03fa | 483b be88 
  0x0000021049c03b20: 0a00 0075 | 0d48 8386 | 900a 0000 | 01e9 7900 | 0000 483b | be98 0a00 | 0075 0d48 | 8386 a00a 
  0x0000021049c03b40: 0000 01e9 | 6300 0000 | 4883 be88 | 0a00 0000 | 7517 4889 | be88 0a00 | 0048 c786 | 900a 0000 
  0x0000021049c03b60: 0100 0000 | e942 0000 | 0048 83be | 980a 0000 | 0075 1748 | 89be 980a | 0000 48c7 | 86a0 0a00 
  0x0000021049c03b80: 0001 0000 | 00e9 2100 | 0000 e91c 

  0x0000021049c03b8c: ;   {metadata(method data for {method} {0x000002106058cd28} 'findClass0' '(Ljava/lang/String;ZZ)Ljava/lang/Class;' in 'org/eclipse/osgi/internal/loader/BundleLoader')}
  0x0000021049c03b8c: 0000 0048 | bee8 178a | 6010 0200 | 0048 83ae | 780a 0000 | 01e9 bd11 | 0000 e900 | 0000 004c 
  0x0000021049c03bac: ;   {metadata(method data for {method} {0x000002106058cd28} 'findClass0' '(Ljava/lang/String;ZZ)Ljava/lang/Class;' in 'org/eclipse/osgi/internal/loader/BundleLoader')}
  0x0000021049c03bac: 8bc0 48ba | e817 8a60 | 1002 0000 | ff82 b00a | 0000 498b | f0e9 2601 | 0000 483b | 004c 8bc0 
  0x0000021049c03bcc: ;   {metadata(method data for {method} {0x000002106058cd28} 'findClass0' '(Ljava/lang/String;ZZ)Ljava/lang/Class;' in 'org/eclipse/osgi/internal/loader/BundleLoader')}
  0x0000021049c03bcc: 48ba e817 | 8a60 1002 | 0000 458b | 4008 49ba | 0000 0000 | 1002 0000 | 4d03 c24c | 3b82 f009 
  0x0000021049c03bec: 0000 750d | 4883 82f8 | 0900 0001 | e960 0000 | 004c 3b82 | 000a 0000 | 750d 4883 | 8208 0a00 
  0x0000021049c03c0c: 0001 e94a | 0000 0048 | 83ba f009 | 0000 0075 | 174c 8982 | f009 0000 | 48c7 82f8 | 0900 0001 
  0x0000021049c03c2c: 0000 00e9 | 2900 0000 | 4883 ba00 | 0a00 0000 | 7517 4c89 | 8200 0a00 | 0048 c782 | 080a 0000 
  0x0000021049c03c4c: 0100 0000 | e908 0000 | 0048 8382 | e009 0000 | 014c 8b84 | 24a0 0000 | 0048 8bd0 | 0f1f 4400 
  0x0000021049c03c6c: 0048 b8ff | ffff ffff 

  0x0000021049c03c74: ;   {virtual_call}
  0x0000021049c03c74: ffff ffe8 

  0x0000021049c03c78: ; ImmutableOopMap {[160]=Oop [168]=Oop [208]=Oop }
                      ;*invokevirtual loadClass {reexecute=0 rethrow=0 return_oop=0}
                      ; - org.eclipse.osgi.internal.loader.BundleLoader::findClass0@361 (line 535)
  0x0000021049c03c78: 04ae f906 

  0x0000021049c03c7c: ;   {other}
  0x0000021049c03c7c: 0f1f 8400 | 6c3d 0031 

  0x0000021049c03c84: ;   {metadata(method data for {method} {0x000002106058cd28} 'findClass0' '(Ljava/lang/String;ZZ)Ljava/lang/Class;' in 'org/eclipse/osgi/internal/loader/BundleLoader')}
  0x0000021049c03c84: 4885 c049 | b8e8 178a | 6010 0200 | 0048 c7c2 | 180a 0000 | 7407 48c7 | c228 0a00 | 0049 8b34 
  0x0000021049c03ca4: 1048 8d76 | 0149 8934 | 100f 84d6 | 0400 0048 | 81c4 7001 

  0x0000021049c03cb8: ;   {poll_return}
  0x0000021049c03cb8: 0000 5d49 | 3ba7 5004 | 0000 0f87 | a910 0000 | c349 8b87 | 0005 0000 | 4d33 d24d | 8997 0005 
  0x0000021049c03cd8: 0000 4d33 | d24d 8997 | 0805 0000 | 488b b424 | 4801 0000 

  0x0000021049c03cec: ;   {metadata(method data for {method} {0x000002106058cd28} 'findClass0' '(Ljava/lang/String;ZZ)Ljava/lang/Class;' in 'org/eclipse/osgi/internal/loader/BundleLoader')}
  0x0000021049c03cec: 4885 f649 | b8e8 178a | 6010 0200 | 0048 c7c2 | c80a 0000 | 7507 48c7 | c2d8 0a00 | 0049 8b3c 
  0x0000021049c03d0c: 1048 8d7f | 0149 893c | 100f 8584 | 0000 0048 | 8b94 24a8 | 0000 008b | 7a1c 4885 

  0x0000021049c03d28: ;   {metadata(method data for {method} {0x000002106058cd28} 'findClass0' '(Ljava/lang/String;ZZ)Ljava/lang/Class;' in 'org/eclipse/osgi/internal/loader/BundleLoader')}
  0x0000021049c03d28: ff49 b8e8 | 178a 6010 | 0200 0048 | c7c3 e80a | 0000 7407 | 48c7 c3f8 | 0a00 0049 | 8b04 1848 
  0x0000021049c03d48: 8d40 0149 | 8904 180f | 844a 0000 | 0048 3b07 

  0x0000021049c03d58: ;   {metadata(method data for {method} {0x000002106058cd28} 'findClass0' '(Ljava/lang/String;ZZ)Ljava/lang/Class;' in 'org/eclipse/osgi/internal/loader/BundleLoader')}
  0x0000021049c03d58: 4c8b c748 | bee8 178a | 6010 0200 

  0x0000021049c03d64: ;   {metadata('org/eclipse/osgi/internal/loader/buddy/PolicyHandler')}
  0x0000021049c03d64: 0049 ba20 | f712 0110 | 0200 004c | 8996 180b | 0000 4883 | 8620 0b00 | 0001 4c8b | 8424 a000 
  0x0000021049c03d84: 0000 488b | d766 0f1f 

  0x0000021049c03d8c: ;   {optimized virtual_call}
  0x0000021049c03d8c: 4400 00e8 

  0x0000021049c03d90: ; ImmutableOopMap {[160]=Oop [168]=Oop [208]=Oop }
                      ;*invokevirtual doBuddyClassLoading {reexecute=0 rethrow=0 return_oop=0}
                      ; - org.eclipse.osgi.internal.loader.BundleLoader::findClass0@421 (line 550)
  0x0000021049c03d90: eca9 f906 

  0x0000021049c03d94: ;   {other}
  0x0000021049c03d94: 0f1f 8400 | 843e 0032 | 488b f048 

  0x0000021049c03da0: ;   {metadata(method data for {method} {0x000002106058cd28} 'findClass0' '(Ljava/lang/String;ZZ)Ljava/lang/Class;' in 'org/eclipse/osgi/internal/loader/BundleLoader')}
  0x0000021049c03da0: 85f6 48ba | e817 8a60 | 1002 0000 | 48c7 c750 | 0b00 0075 | 0748 c7c7 | 400b 0000 | 488b 1c3a 
  0x0000021049c03dc0: 488d 5b01 | 4889 1c3a | 0f85 8c03 | 0000 448b | 8c24 b000 | 0000 4585 

  0x0000021049c03dd8: ;   {metadata(method data for {method} {0x000002106058cd28} 'findClass0' '(Ljava/lang/String;ZZ)Ljava/lang/Class;' in 'org/eclipse/osgi/internal/loader/BundleLoader')}
  0x0000021049c03dd8: c948 bae8 | 178a 6010 | 0200 0048 | c7c6 700b | 0000 7507 | 48c7 c660 | 0b00 0048 | 8b3c 3248 
  0x0000021049c03df8: 8d7f 0148 | 893c 320f | 8524 0000 | 0048 8b9c | 24d0 0000 | 008b bc24 | b400 0000 | 4c8b 8424 
  0x0000021049c03e18: a000 0000 | 488b 9424 | a800 0000 | e95b 0600 | 0048 8b94 | 24a8 0000 | 008b 7248 

  0x0000021049c03e34: ;   {metadata(method data for {method} {0x000002106058cd28} 'findClass0' '(Ljava/lang/String;ZZ)Ljava/lang/Class;' in 'org/eclipse/osgi/internal/loader/BundleLoader')}
  0x0000021049c03e34: 4885 f648 | bee8 178a | 6010 0200 | 0048 c7c7 | 900b 0000 | 7507 48c7 | c780 0b00 | 0048 8b1c 
  0x0000021049c03e54: 3e48 8d5b | 0148 891c | 3e0f 851c | 0000 0048 | 8b9c 24d0 | 0000 008b | bc24 b400 | 0000 4c8b 
  0x0000021049c03e74: 8424 a000 | 0000 e905 | 0600 008b | b424 e000 | 0000 85f6 

  0x0000021049c03e88: ;   {metadata(method data for {method} {0x000002106058cd28} 'findClass0' '(Ljava/lang/String;ZZ)Ljava/lang/Class;' in 'org/eclipse/osgi/internal/loader/BundleLoader')}
  0x0000021049c03e88: 48be e817 | 8a60 1002 | 0000 48c7 | c7b0 0b00 | 0074 0748 | c7c7 a00b | 0000 488b | 1c3e 488d 
  0x0000021049c03ea8: 5b01 4889 | 1c3e 0f84 | 1c00 0000 | 488b 9c24 | d000 0000 | 8bbc 24b4 | 0000 004c | 8b84 24a0 
  0x0000021049c03ec8: 0000 00e9 | b405 0000 | 8b72 1448 | 3b06 488b 

  0x0000021049c03ed8: ;   {metadata(method data for {method} {0x000002106058cd28} 'findClass0' '(Ljava/lang/String;ZZ)Ljava/lang/Class;' in 'org/eclipse/osgi/internal/loader/BundleLoader')}
  0x0000021049c03ed8: fe48 bbe8 | 178a 6010 

  0x0000021049c03ee0: ;   {metadata('org/eclipse/osgi/internal/framework/EquinoxContainer')}
  0x0000021049c03ee0: 0200 0049 | ba00 b008 | 0110 0200 | 004c 8993 | d00b 0000 | 4883 83d8 | 0b00 0001 | 8b76 140f 
  0x0000021049c03f00: be76 1e85 

  0x0000021049c03f04: ;   {metadata(method data for {method} {0x000002106058cd28} 'findClass0' '(Ljava/lang/String;ZZ)Ljava/lang/Class;' in 'org/eclipse/osgi/internal/loader/BundleLoader')}
  0x0000021049c03f04: f648 bee8 | 178a 6010 | 0200 0048 | c7c7 f80b | 0000 7507 | 48c7 c708 | 0c00 0048 | 8b1c 3e48 
  0x0000021049c03f24: 8d5b 0148 | 891c 3e0f | 858a 0000 | 0048 8bf2 

  0x0000021049c03f34: ;   {metadata(method data for {method} {0x000002106058cd28} 'findClass0' '(Ljava/lang/String;ZZ)Ljava/lang/Class;' in 'org/eclipse/osgi/internal/loader/BundleLoader')}
  0x0000021049c03f34: 48bf e817 | 8a60 1002 | 0000 4883 | 8718 0c00 | 0001 488b | f248 8bd6 

  0x0000021049c03f4c: ;   {optimized virtual_call}
  0x0000021049c03f4c: 6666 90e8 

  0x0000021049c03f50: ; ImmutableOopMap {[160]=Oop [168]=Oop [208]=Oop }
                      ;*invokespecial isRequestFromVM {reexecute=0 rethrow=0 return_oop=0}
                      ; - org.eclipse.osgi.internal.loader.BundleLoader::findClass0@464 (line 556)
  0x0000021049c03f50: 2ca8 f906 

  0x0000021049c03f54: ;   {other}
  0x0000021049c03f54: 0f1f 8400 | 4440 0033 

  0x0000021049c03f5c: ;   {metadata(method data for {method} {0x000002106058cd28} 'findClass0' '(Ljava/lang/String;ZZ)Ljava/lang/Class;' in 'org/eclipse/osgi/internal/loader/BundleLoader')}
  0x0000021049c03f5c: 85c0 49b8 | e817 8a60 | 1002 0000 | 49c7 c128 | 0c00 0074 | 0749 c7c1 | 380c 0000 | 4b8b 1408 
  0x0000021049c03f7c: 488d 5201 | 4b89 1408 | 0f84 0d00 | 0000 488b | 9424 a800 | 0000 e924 | 0000 0048 | 8b9c 24d0 
  0x0000021049c03f9c: 0000 008b | bc24 b400 | 0000 4c8b | 8424 a000 | 0000 488b | 9424 a800 | 0000 e9c9 | 0400 008b 
  0x0000021049c03fbc: 7248 483b | 064c 8bc6 

  0x0000021049c03fc4: ;   {metadata(method data for {method} {0x000002106058cd28} 'findClass0' '(Ljava/lang/String;ZZ)Ljava/lang/Class;' in 'org/eclipse/osgi/internal/loader/BundleLoader')}
  0x0000021049c03fc4: 49b9 e817 | 8a60 1002 | 0000 458b | 4008 49ba | 0000 0000 | 1002 0000 | 4d03 c24d | 3b81 580c 
  0x0000021049c03fe4: 0000 750d | 4983 8160 | 0c00 0001 | e960 0000 | 004d 3b81 | 680c 0000 | 750d 4983 | 8170 0c00 
  0x0000021049c04004: 0001 e94a | 0000 0049 | 83b9 580c | 0000 0075 | 174d 8981 | 580c 0000 | 49c7 8160 | 0c00 0001 
  0x0000021049c04024: 0000 00e9 | 2900 0000 | 4983 b968 | 0c00 0000 | 7517 4d89 | 8168 0c00 | 0049 c781 | 700c 0000 
  0x0000021049c04044: 0100 0000 | e908 0000 | 0049 8381 | 480c 0000 

  0x0000021049c04054: ;   {metadata(method data for {method} {0x00000210000143f0} 'loadClass' '(Ljava/lang/String;)Ljava/lang/Class;' in 'java/lang/ClassLoader')}
  0x0000021049c04054: 0149 b8c8 | 582b 6010 | 0200 0045 | 8b88 cc00 | 0000 4183 | c102 4589 | 88cc 0000 | 0041 81e1 
  0x0000021049c04074: feff 1f00 | 4585 c90f | 841a 0d00 | 004c 8bc6 

  0x0000021049c04084: ;   {metadata(method data for {method} {0x00000210000143f0} 'loadClass' '(Ljava/lang/String;)Ljava/lang/Class;' in 'java/lang/ClassLoader')}
  0x0000021049c04084: 49b9 c858 | 2b60 1002 | 0000 458b | 4008 49ba | 0000 0000 | 1002 0000 | 4d03 c24d | 3b81 2001 
  0x0000021049c040a4: 0000 750d | 4983 8128 | 0100 0001 | e960 0000 | 004d 3b81 | 3001 0000 | 750d 4983 | 8138 0100 
  0x0000021049c040c4: 0001 e94a | 0000 0049 | 83b9 2001 | 0000 0075 | 174d 8981 | 2001 0000 | 49c7 8128 | 0100 0001 
  0x0000021049c040e4: 0000 00e9 | 2900 0000 | 4983 b930 | 0100 0000 | 7517 4d89 | 8130 0100 | 0049 c781 | 3801 0000 
  0x0000021049c04104: 0100 0000 | e908 0000 | 0049 8381 | 1001 0000 | 014c 8b84 | 24a0 0000 | 0041 b900 | 0000 0048 
  0x0000021049c04124: 8bd6 0f1f | 8000 0000 | 0048 b8f8 | 8206 0010 

  0x0000021049c04134: ;   {virtual_call}
  0x0000021049c04134: 0200 00e8 

  0x0000021049c04138: ; ImmutableOopMap {[160]=Oop [168]=Oop [208]=Oop }
                      ;*invokevirtual loadClass {reexecute=0 rethrow=0 return_oop=0}
                      ; - java.lang.ClassLoader::loadClass@3
                      ; - org.eclipse.osgi.internal.loader.BundleLoader::findClass0@475 (line 559)
  0x0000021049c04138: a4e6 ccff 

  0x0000021049c0413c: ;   {other}
  0x0000021049c0413c: 0f1f 8400 | 2c42 0034 | 4881 c470 | 0100 005d 

  0x0000021049c0414c: ;   {poll_return}
  0x0000021049c0414c: 493b a750 | 0400 000f | 8763 0c00 | 00c3 488b | c648 81c4 | 7001 0000 

  0x0000021049c04164: ;   {poll_return}
  0x0000021049c04164: 5d49 3ba7 | 5004 0000 | 0f87 600c | 0000 c348 | 81c4 7001 

  0x0000021049c04178: ;   {poll_return}
  0x0000021049c04178: 0000 5d49 | 3ba7 5004 | 0000 0f87 | 600c 0000 | c348 8b94 | 24a8 0000 

  0x0000021049c04190: ;   {metadata(method data for {method} {0x000002106058cd28} 'findClass0' '(Ljava/lang/String;ZZ)Ljava/lang/Class;' in 'org/eclipse/osgi/internal/loader/BundleLoader')}
  0x0000021049c04190: 0049 b8e8 | 178a 6010 | 0200 0049 | 8380 380a | 0000 014c | 8b84 24a0 | 0000 0044 | 8b8c 24b4 
  0x0000021049c041b0: 0000 0048 | 8bbc 24d0 | 0000 0048 | 8b94 24a8 | 0000 000f 

  0x0000021049c041c4: ;   {optimized virtual_call}
  0x0000021049c041c4: 1f40 00e8 

  0x0000021049c041c8: ; ImmutableOopMap {}
                      ;*invokespecial generateException {reexecute=0 rethrow=0 return_oop=0}
                      ; - org.eclipse.osgi.internal.loader.BundleLoader::findClass0@379 (line 538)
  0x0000021049c041c8: b4a5 f906 

  0x0000021049c041cc: ;   {other}
  0x0000021049c041cc: 0f1f 8400 | bc42 0035 | 4881 c470 | 0100 005d 

  0x0000021049c041dc: ;   {poll_return}
  0x0000021049c041dc: 493b a750 | 0400 000f | 8715 0c00 | 00c3 488b | c648 81c4 | 7001 0000 

  0x0000021049c041f4: ;   {poll_return}
  0x0000021049c041f4: 5d49 3ba7 | 5004 0000 | 0f87 120c | 0000 c348 | 81c4 7001 

  0x0000021049c04208: ;   {poll_return}
  0x0000021049c04208: 0000 5d49 | 3ba7 5004 | 0000 0f87 | 120c 0000 | c348 8b94 | 24a8 0000 

  0x0000021049c04220: ;   {metadata(method data for {method} {0x000002106058cd28} 'findClass0' '(Ljava/lang/String;ZZ)Ljava/lang/Class;' in 'org/eclipse/osgi/internal/loader/BundleLoader')}
  0x0000021049c04220: 0049 b8e8 | 178a 6010 | 0200 0049 | 8380 5807 | 0000 014c | 8b84 24a0 | 0000 0044 | 8b8c 24b4 
  0x0000021049c04240: 0000 0048 | 8bbc 24d0 | 0000 0048 | 8b94 24a8 | 0000 000f 

  0x0000021049c04254: ;   {optimized virtual_call}
  0x0000021049c04254: 1f40 00e8 

  0x0000021049c04258: ; ImmutableOopMap {}
                      ;*invokespecial generateException {reexecute=0 rethrow=0 return_oop=0}
                      ; - org.eclipse.osgi.internal.loader.BundleLoader::findClass0@252 (line 513)
  0x0000021049c04258: 24a5 f906 

  0x0000021049c0425c: ;   {other}
  0x0000021049c0425c: 0f1f 8400 | 4c43 0036 | 4881 c470 | 0100 005d 

  0x0000021049c0426c: ;   {poll_return}
  0x0000021049c0426c: 493b a750 | 0400 000f | 87c7 0b00 | 00c3 4881 | c470 0100 

  0x0000021049c04280: ;   {poll_return}
  0x0000021049c04280: 005d 493b | a750 0400 | 000f 87c7 | 0b00 00c3 | 4881 c470 | 0100 005d 

  0x0000021049c04298: ;   {poll_return}
  0x0000021049c04298: 493b a750 | 0400 000f | 87c7 0b00 | 00c3 488b | 9424 a800 | 0000 8b52 | 4848 3b02 

  0x0000021049c042b4: ;   {metadata(method data for {method} {0x000002106058cd28} 'findClass0' '(Ljava/lang/String;ZZ)Ljava/lang/Class;' in 'org/eclipse/osgi/internal/loader/BundleLoader')}
  0x0000021049c042b4: 4c8b c249 | b9e8 178a | 6010 0200 | 0045 8b40 | 0849 ba00 | 0000 0010 | 0200 004d | 03c2 4d3b 
  0x0000021049c042d4: 81b8 0100 | 0075 0d49 | 8381 c001 | 0000 01e9 | 6000 0000 | 4d3b 81c8 | 0100 0075 | 0d49 8381 
  0x0000021049c042f4: d001 0000 | 01e9 4a00 | 0000 4983 | b9b8 0100 | 0000 7517 | 4d89 81b8 | 0100 0049 | c781 c001 
  0x0000021049c04314: 0000 0100 | 0000 e929 | 0000 0049 | 83b9 c801 | 0000 0075 | 174d 8981 | c801 0000 | 49c7 81d0 
  0x0000021049c04334: 0100 0001 | 0000 00e9 | 0800 0000 | 4983 81a8 | 0100 0001 

  0x0000021049c04348: ;   {metadata(method data for {method} {0x00000210000143f0} 'loadClass' '(Ljava/lang/String;)Ljava/lang/Class;' in 'java/lang/ClassLoader')}
  0x0000021049c04348: 49b8 c858 | 2b60 1002 | 0000 458b | 88cc 0000 | 0041 83c1 | 0245 8988 | cc00 0000 | 4181 e1fe 
  0x0000021049c04368: ff1f 0045 | 85c9 0f84 | 130b 0000 

  0x0000021049c04374: ;   {metadata(method data for {method} {0x00000210000143f0} 'loadClass' '(Ljava/lang/String;)Ljava/lang/Class;' in 'java/lang/ClassLoader')}
  0x0000021049c04374: 4c8b c249 | b9c8 582b | 6010 0200 | 0045 8b40 | 0849 ba00 | 0000 0010 | 0200 004d | 03c2 4d3b 
  0x0000021049c04394: 8120 0100 | 0075 0d49 | 8381 2801 | 0000 01e9 | 6000 0000 | 4d3b 8130 | 0100 0075 | 0d49 8381 
  0x0000021049c043b4: 3801 0000 | 01e9 4a00 | 0000 4983 | b920 0100 | 0000 7517 | 4d89 8120 | 0100 0049 | c781 2801 
  0x0000021049c043d4: 0000 0100 | 0000 e929 | 0000 0049 | 83b9 3001 | 0000 0075 | 174d 8981 | 3001 0000 | 49c7 8138 
  0x0000021049c043f4: 0100 0001 | 0000 00e9 | 0800 0000 | 4983 8110 | 0100 0001 | 4c8b 8424 | a000 0000 | 41b9 0000 
  0x0000021049c04414: 0000 0f1f | 8000 0000 | 0048 b8f8 | 8206 0010 

  0x0000021049c04424: ;   {virtual_call}
  0x0000021049c04424: 0200 00e8 

  0x0000021049c04428: ; ImmutableOopMap {}
                      ;*invokevirtual loadClass {reexecute=0 rethrow=0 return_oop=0}
                      ; - java.lang.ClassLoader::loadClass@3
                      ; - org.eclipse.osgi.internal.loader.BundleLoader::findClass0@25 (line 470)
  0x0000021049c04428: b4e3 ccff 

  0x0000021049c0442c: ;   {other}
  0x0000021049c0442c: 0f1f 8400 | 1c45 0037 | 4881 c470 | 0100 005d 

  0x0000021049c0443c: ;   {poll_return}
  0x0000021049c0443c: 493b a750 | 0400 000f | 875f 0a00 | 00c3 488b | 9424 a800 | 0000 498b | 8700 0500 | 004d 33d2 
  0x0000021049c0445c: 4d89 9700 | 0500 004d | 33d2 4d89 | 9708 0500 | 0048 8b9c | 24d0 0000 | 008b bc24 | b400 0000 
  0x0000021049c0447c: 4c8b 8424 | a000 0000 

  0x0000021049c04484: ;   {metadata(method data for {method} {0x000002106058cd28} 'findClass0' '(Ljava/lang/String;ZZ)Ljava/lang/Class;' in 'org/eclipse/osgi/internal/loader/BundleLoader')}
  0x0000021049c04484: 4c8b ca48 | bee8 178a | 6010 0200 | 0048 8386 | 800c 0000 | 014c 8bcf 

  0x0000021049c0449c: ;   {optimized virtual_call}
  0x0000021049c0449c: 488b fbe8 

  0x0000021049c044a0: ; ImmutableOopMap {}
                      ;*invokespecial generateException {reexecute=0 rethrow=0 return_oop=0}
                      ; - org.eclipse.osgi.internal.loader.BundleLoader::findClass0@486 (line 564)
  0x0000021049c044a0: dca2 f906 

  0x0000021049c044a4: ;   {other}
  0x0000021049c044a4: 0f1f 8400 | 9445 0038 | 4881 c470 | 0100 005d 

  0x0000021049c044b4: ;   {poll_return}
  0x0000021049c044b4: 493b a750 | 0400 000f | 87fd 0900 | 00c3 498b | 8700 0500 | 004d 33d2 | 4d89 9700 | 0500 004d 
  0x0000021049c044d4: 33d2 4d89 | 9708 0500 | 0048 8bf0 | 488d 8424 | 5001 0000 | 488b 3848 | 85ff 0f84 | 0f00 0000 
  0x0000021049c044f4: 488b 5808 | f048 0fb1 | 3b0f 85d1 | 0900 0049 | ff8f 5005 | 0000 488b | c6e9 0b0a | 0000 498b 
  0x0000021049c04514: 8700 0500 | 004d 33d2 | 4d89 9700 | 0500 004d | 33d2 4d89 | 9708 0500 | 0048 8bf0 | 488d 8424 
  0x0000021049c04534: 5001 0000 | 488b 3848 | 85ff 0f84 | 0f00 0000 | 488b 5808 | f048 0fb1 | 3b0f 8597 | 0900 0049 
  0x0000021049c04554: ff8f 5005 | 0000 488b | c6e9 bb09 

  0x0000021049c04560: ;   {metadata({method} {0x000002106058cd28} 'findClass0' '(Ljava/lang/String;ZZ)Ljava/lang/Class;' in 'org/eclipse/osgi/internal/loader/BundleLoader')}
  0x0000021049c04560: 0000 49ba | 20cd 5860 | 1002 0000 | 4c89 5424 | 0848 c704 | 24ff ffff 

  0x0000021049c04578: ;   {runtime_call counter_overflow Runtime1 stub}
  0x0000021049c04578: ffe8 8201 

  0x0000021049c0457c: ; ImmutableOopMap {rdx=Oop r8=Oop [160]=Oop [168]=Oop }
                      ;*synchronization entry
                      ; - org.eclipse.osgi.internal.loader.BundleLoader::findClass0@-1 (line 466)
  0x0000021049c0457c: 0507 e9bb 

  0x0000021049c04580: ;   {runtime_call throw_null_pointer_exception Runtime1 stub}
  0x0000021049c04580: c2ff ffe8 

  0x0000021049c04584: ; ImmutableOopMap {r8=Oop [160]=Oop [168]=Oop }
                      ;*invokevirtual startsWith {reexecute=0 rethrow=0 return_oop=0}
                      ; - org.eclipse.osgi.internal.loader.BundleLoader::findClass0@14 (line 466)
  0x0000021049c04584: 789e 0407 

  0x0000021049c04588: ;   {metadata({method} {0x0000021000453928} 'startsWith' '(Ljava/lang/String;)Z' in 'java/lang/String')}
  0x0000021049c04588: 49ba 2039 | 4500 1002 | 0000 4c89 | 5424 0848 | c704 24ff 

  0x0000021049c0459c: ;   {runtime_call counter_overflow Runtime1 stub}
  0x0000021049c0459c: ffff ffe8 

  0x0000021049c045a0: ; ImmutableOopMap {r8=Oop [160]=Oop [168]=Oop }
                      ;*synchronization entry
                      ; - java.lang.String::startsWith@-1
                      ; - org.eclipse.osgi.internal.loader.BundleLoader::findClass0@14 (line 466)
  0x0000021049c045a0: 5c01 0507 | e948 c3ff 

  0x0000021049c045a8: ;   {metadata({method} {0x000002106058b1d0} 'getPackageName' '(Ljava/lang/String;)Ljava/lang/String;' in 'org/eclipse/osgi/internal/loader/BundleLoader')}
  0x0000021049c045a8: ff49 bac8 | b158 6010 | 0200 004c | 8954 2408 | 48c7 0424 | ffff ffff 

  0x0000021049c045c0: ;   {runtime_call counter_overflow Runtime1 stub}
  0x0000021049c045c0: e83b 0105 

  0x0000021049c045c4: ; ImmutableOopMap {r8=Oop [160]=Oop [168]=Oop }
                      ;*synchronization entry
                      ; - org.eclipse.osgi.internal.loader.BundleLoader::getPackageName@-1 (line 142)
                      ; - org.eclipse.osgi.internal.loader.BundleLoader::findClass0@30 (line 473)
  0x0000021049c045c4: 07e9 d9c3 

  0x0000021049c045c8: ;   {runtime_call throw_null_pointer_exception Runtime1 stub}
  0x0000021049c045c8: ffff e831 

  0x0000021049c045cc: ; ImmutableOopMap {r8=Oop [160]=Oop [168]=Oop }
                      ;*invokevirtual lastIndexOf {reexecute=0 rethrow=0 return_oop=0}
                      ; - org.eclipse.osgi.internal.loader.BundleLoader::getPackageName@7 (line 143)
                      ; - org.eclipse.osgi.internal.loader.BundleLoader::findClass0@30 (line 473)
                      ;   {metadata({method} {0x0000021000453820} 'lastIndexOf' '(I)I' in 'java/lang/String')}
  0x0000021049c045cc: 9e04 0749 | ba18 3845 | 0010 0200 | 004c 8954 | 2408 48c7 | 0424 ffff 

  0x0000021049c045e4: ;   {runtime_call counter_overflow Runtime1 stub}
  0x0000021049c045e4: ffff e815 

  0x0000021049c045e8: ; ImmutableOopMap {r8=Oop [160]=Oop [168]=Oop }
                      ;*synchronization entry
                      ; - java.lang.String::lastIndexOf@-1
                      ; - org.eclipse.osgi.internal.loader.BundleLoader::getPackageName@7 (line 143)
                      ; - org.eclipse.osgi.internal.loader.BundleLoader::findClass0@30 (line 473)
  0x0000021049c045e8: 0105 07e9 | 26c4 ffff 

  0x0000021049c045f0: ;   {metadata({method} {0x000002100000ee90} 'length' '()I' in 'java/lang/String')}
  0x0000021049c045f0: 49ba 88ee | 0000 1002 | 0000 4c89 | 5424 0848 | c704 24ff 

  0x0000021049c04604: ;   {runtime_call counter_overflow Runtime1 stub}
  0x0000021049c04604: ffff ffe8 

  0x0000021049c04608: ; ImmutableOopMap {r8=Oop [160]=Oop [168]=Oop }
                      ;*synchronization entry
                      ; - java.lang.String::length@-1
                      ; - java.lang.String::lastIndexOf@3
                      ; - org.eclipse.osgi.internal.loader.BundleLoader::getPackageName@7 (line 143)
                      ; - org.eclipse.osgi.internal.loader.BundleLoader::findClass0@30 (line 473)
  0x0000021049c04608: f400 0507 | e946 c4ff 

  0x0000021049c04610: ;   {runtime_call throw_null_pointer_exception Runtime1 stub}
  0x0000021049c04610: ffe8 ea9d 

  0x0000021049c04614: ; ImmutableOopMap {r8=Oop [160]=Oop [168]=Oop }
                      ;*arraylength {reexecute=0 rethrow=0 return_oop=0}
                      ; - java.lang.String::length@4
                      ; - java.lang.String::lastIndexOf@3
                      ; - org.eclipse.osgi.internal.loader.BundleLoader::getPackageName@7 (line 143)
                      ; - org.eclipse.osgi.internal.loader.BundleLoader::findClass0@30 (line 473)
                      ;   {metadata({method} {0x0000021000454b08} 'coder' '()B' in 'java/lang/String')}
  0x0000021049c04614: 0407 49ba | 004b 4500 | 1002 0000 | 4c89 5424 | 0848 c704 | 24ff ffff 

  0x0000021049c0462c: ;   {runtime_call counter_overflow Runtime1 stub}
  0x0000021049c0462c: ffe8 ce00 

  0x0000021049c04630: ; ImmutableOopMap {r8=Oop [160]=Oop [168]=Oop }
                      ;*synchronization entry
                      ; - java.lang.String::coder@-1
                      ; - java.lang.String::length@6
                      ; - java.lang.String::lastIndexOf@3
                      ; - org.eclipse.osgi.internal.loader.BundleLoader::getPackageName@7 (line 143)
                      ; - org.eclipse.osgi.internal.loader.BundleLoader::findClass0@30 (line 473)
  0x0000021049c04630: 0507 e964 

  0x0000021049c04634: ;   {runtime_call throw_null_pointer_exception Runtime1 stub}
  0x0000021049c04634: c4ff ffe8 

  0x0000021049c04638: ; ImmutableOopMap {rsi=Oop rdx=Oop r8=Oop [160]=Oop [168]=Oop }
                      ;*invokevirtual loaderWithPackage {reexecute=0 rethrow=0 return_oop=0}
                      ; - org.eclipse.osgi.internal.loader.BundleLoader::findClass0@41 (line 474)
  0x0000021049c04638: c49d 0407 

  0x0000021049c0463c: ;   {metadata({method} {0x00000210604e54b8} 'loaderWithPackage' '(Ljava/lang/String;)Ljava/lang/String;' in 'org/eclipse/osgi/internal/debug/Debug')}
  0x0000021049c0463c: 49ba b054 | 4e60 1002 | 0000 4c89 | 5424 0848 | c704 24ff 

  0x0000021049c04650: ;   {runtime_call counter_overflow Runtime1 stub}
  0x0000021049c04650: ffff ffe8 

  0x0000021049c04654: ; ImmutableOopMap {rsi=Oop rdx=Oop r8=Oop [160]=Oop [168]=Oop }
                      ;*synchronization entry
                      ; - org.eclipse.osgi.internal.debug.Debug::loaderWithPackage@-1 (line 272)
                      ; - org.eclipse.osgi.internal.loader.BundleLoader::findClass0@41 (line 474)
  0x0000021049c04654: a800 0507 | e976 c5ff 

  0x0000021049c0465c: ;   {runtime_call throw_null_pointer_exception Runtime1 stub}
  0x0000021049c0465c: ffe8 9e9d 

  0x0000021049c04660: ; ImmutableOopMap {rsi=Oop rdi=Oop [160]=Oop [168]=Oop }
                      ;*invokeinterface contains {reexecute=0 rethrow=0 return_oop=0}
                      ; - org.eclipse.osgi.internal.debug.Debug::loaderWithPackage@22 (line 275)
                      ; - org.eclipse.osgi.internal.loader.BundleLoader::findClass0@41 (line 474)
  0x0000021049c04660: 0407 488b 

  0x0000021049c04664: ;   {runtime_call fast_new_instance Runtime1 stub}
  0x0000021049c04664: d2e8 96b2 

  0x0000021049c04668: ; ImmutableOopMap {r9=Oop [160]=Oop [168]=Oop [184]=Oop [200]=Oop [208]=Oop }
                      ;*new {reexecute=0 rethrow=0 return_oop=0}
                      ; - org.eclipse.osgi.internal.loader.BundleLoader::findClass0@57 (line 476)
  0x0000021049c04668: 0407 e997 

  0x0000021049c0466c: ;   {metadata({method} {0x0000021000461898} '<init>' '(Ljava/lang/String;)V' in 'java/lang/StringBuilder')}
  0x0000021049c0466c: c7ff ff49 | ba90 1846 | 0010 0200 | 004c 8954 | 2408 48c7 | 0424 ffff 

  0x0000021049c04684: ;   {runtime_call counter_overflow Runtime1 stub}
  0x0000021049c04684: ffff e875 

  0x0000021049c04688: ; ImmutableOopMap {r9=Oop rax=Oop [160]=Oop [168]=Oop [184]=Oop [192]=Oop [200]=Oop [208]=Oop }
                      ;*synchronization entry
                      ; - java.lang.StringBuilder::<init>@-1
                      ; - org.eclipse.osgi.internal.loader.BundleLoader::findClass0@64 (line 476)
  0x0000021049c04688: 0005 07e9 | bcc7 ffff 

  0x0000021049c04690: ;   {metadata({method} {0x0000021000461630} 'append' '(Ljava/lang/Object;)Ljava/lang/StringBuilder;' in 'java/lang/StringBuilder')}
  0x0000021049c04690: 49ba 2816 | 4600 1002 | 0000 4c89 | 5424 0848 | c704 24ff 

  0x0000021049c046a4: ;   {runtime_call counter_overflow Runtime1 stub}
  0x0000021049c046a4: ffff ffe8 

  0x0000021049c046a8: ; ImmutableOopMap {[160]=Oop [168]=Oop [184]=Oop [192]=Oop [200]=Oop [208]=Oop }
                      ;*synchronization entry
                      ; - java.lang.StringBuilder::append@-1
                      ; - org.eclipse.osgi.internal.loader.BundleLoader::findClass0@68 (line 476)
  0x0000021049c046a8: 5400 0507 | e90c c8ff 

  0x0000021049c046b0: ;   {metadata({method} {0x0000021000454d70} 'valueOf' '(Ljava/lang/Object;)Ljava/lang/String;' in 'java/lang/String')}
  0x0000021049c046b0: ff49 ba68 | 4d45 0010 | 0200 004c | 8954 2408 | 48c7 0424 | ffff ffff 

  0x0000021049c046c8: ;   {runtime_call counter_overflow Runtime1 stub}
  0x0000021049c046c8: e833 0005 

  0x0000021049c046cc: ; ImmutableOopMap {[160]=Oop [168]=Oop [184]=Oop [192]=Oop [200]=Oop [208]=Oop }
                      ;*synchronization entry
                      ; - java.lang.String::valueOf@-1
                      ; - java.lang.StringBuilder::append@2
                      ; - org.eclipse.osgi.internal.loader.BundleLoader::findClass0@68 (line 476)
  0x0000021049c046cc: 07e9 24c8 

  0x0000021049c046d0: ;   {metadata({method} {0x00000210004615d8} 'append' '(Ljava/lang/String;)Ljava/lang/StringBuilder;' in 'java/lang/StringBuilder')}
  0x0000021049c046d0: ffff 49ba | d015 4600 | 1002 0000 | 4c89 5424 | 0848 c704 | 24ff ffff 

  0x0000021049c046e8: ;   {runtime_call counter_overflow Runtime1 stub}
  0x0000021049c046e8: ffe8 1200 

  0x0000021049c046ec: ; ImmutableOopMap {rax=Oop [160]=Oop [168]=Oop [184]=Oop [192]=Oop [200]=Oop [208]=Oop }
                      ;*synchronization entry
                      ; - java.lang.StringBuilder::append@-1
                      ; - java.lang.StringBuilder::append@5
                      ; - org.eclipse.osgi.internal.loader.BundleLoader::findClass0@68 (line 476)
  0x0000021049c046ec: 0507 e904 

  0x0000021049c046f0: ;   {metadata({method} {0x00000210004615d8} 'append' '(Ljava/lang/String;)Ljava/lang/StringBuilder;' in 'java/lang/StringBuilder')}
  0x0000021049c046f0: c9ff ff49 | bad0 1546 | 0010 0200 | 004c 8954 | 2408 48c7 | 0424 ffff 

  0x0000021049c04708: ;   {runtime_call counter_overflow Runtime1 stub}
  0x0000021049c04708: ffff e8f1 

  0x0000021049c0470c: ; ImmutableOopMap {rax=Oop [160]=Oop [168]=Oop [184]=Oop [192]=Oop [200]=Oop [208]=Oop }
                      ;*synchronization entry
                      ; - java.lang.StringBuilder::append@-1
                      ; - org.eclipse.osgi.internal.loader.BundleLoader::findClass0@74 (line 476)
  0x0000021049c0470c: ff04 07e9 | 5ec9 ffff 

  0x0000021049c04714: ;   {metadata({method} {0x00000210004615d8} 'append' '(Ljava/lang/String;)Ljava/lang/StringBuilder;' in 'java/lang/StringBuilder')}
  0x0000021049c04714: 49ba d015 | 4600 1002 | 0000 4c89 | 5424 0848 | c704 24ff 

  0x0000021049c04728: ;   {runtime_call counter_overflow Runtime1 stub}
  0x0000021049c04728: ffff ffe8 

  0x0000021049c0472c: ; ImmutableOopMap {[160]=Oop [168]=Oop [184]=Oop [192]=Oop [200]=Oop [208]=Oop }
                      ;*synchronization entry
                      ; - java.lang.StringBuilder::append@-1
                      ; - org.eclipse.osgi.internal.loader.BundleLoader::findClass0@78 (line 476)
  0x0000021049c0472c: d0ff 0407 | e9b2 c9ff 

  0x0000021049c04734: ;   {metadata({method} {0x00000210004615d8} 'append' '(Ljava/lang/String;)Ljava/lang/StringBuilder;' in 'java/lang/StringBuilder')}
  0x0000021049c04734: ff49 bad0 | 1546 0010 | 0200 004c | 8954 2408 | 48c7 0424 | ffff ffff 

  0x0000021049c0474c: ;   {runtime_call counter_overflow Runtime1 stub}
  0x0000021049c0474c: e8af ff04 

  0x0000021049c04750: ; ImmutableOopMap {[160]=Oop [168]=Oop [184]=Oop [192]=Oop [200]=Oop [208]=Oop }
                      ;*synchronization entry
                      ; - java.lang.StringBuilder::append@-1
                      ; - org.eclipse.osgi.internal.loader.BundleLoader::findClass0@84 (line 476)
  0x0000021049c04750: 07e9 11ca 

  0x0000021049c04754: ;   {metadata({method} {0x0000021000008958} 'toString' '()Ljava/lang/String;' in 'java/lang/StringBuilder')}
  0x0000021049c04754: ffff 49ba | 5089 0000 | 1002 0000 | 4c89 5424 | 0848 c704 | 24ff ffff 

  0x0000021049c0476c: ;   {runtime_call counter_overflow Runtime1 stub}
  0x0000021049c0476c: ffe8 8eff 

  0x0000021049c04770: ; ImmutableOopMap {[160]=Oop [168]=Oop [184]=Oop [192]=Oop [200]=Oop [208]=Oop }
                      ;*synchronization entry
                      ; - java.lang.StringBuilder::toString@-1
                      ; - org.eclipse.osgi.internal.loader.BundleLoader::findClass0@87 (line 476)
  0x0000021049c04770: 0407 e96e | caff ff48 

  0x0000021049c04778: ;   {runtime_call fast_new_instance Runtime1 stub}
  0x0000021049c04778: 8bd2 e881 

  0x0000021049c0477c: ; ImmutableOopMap {[160]=Oop [168]=Oop [184]=Oop [192]=Oop [200]=Oop [208]=Oop }
                      ;*new {reexecute=0 rethrow=0 return_oop=0}
                      ; - java.lang.StringBuilder::toString@0
                      ; - org.eclipse.osgi.internal.loader.BundleLoader::findClass0@87 (line 476)
  0x0000021049c0477c: b104 07e9 | b1ca ffff 

  0x0000021049c04784: ;   {metadata({method} {0x00000210004558c8} '<init>' '(Ljava/lang/StringBuilder;)V' in 'java/lang/String')}
  0x0000021049c04784: 49ba c058 | 4500 1002 | 0000 4c89 | 5424 0848 | c704 24ff 

  0x0000021049c04798: ;   {runtime_call counter_overflow Runtime1 stub}
  0x0000021049c04798: ffff ffe8 

  0x0000021049c0479c: ; ImmutableOopMap {rax=Oop [160]=Oop [168]=Oop [184]=Oop [192]=Oop [200]=Oop [208]=Oop }
                      ;*synchronization entry
                      ; - java.lang.String::<init>@-1
                      ; - java.lang.StringBuilder::toString@5
                      ; - org.eclipse.osgi.internal.loader.BundleLoader::findClass0@87 (line 476)
  0x0000021049c0479c: 60ff 0407 | e9d1 caff 

  0x0000021049c047a4: ;   {runtime_call throw_null_pointer_exception Runtime1 stub}
  0x0000021049c047a4: ffe8 569c 

  0x0000021049c047a8: ; ImmutableOopMap {r9=Oop [160]=Oop [168]=Oop [184]=Oop [200]=Oop [208]=Oop [216]=Oop }
                      ;*invokevirtual trace {reexecute=0 rethrow=0 return_oop=0}
                      ; - org.eclipse.osgi.internal.loader.BundleLoader::findClass0@90 (line 476)
                      ;   {metadata({method} {0x00000210604e53d0} 'trace' '(Ljava/lang/String;Ljava/lang/String;)V' in 'org/eclipse/osgi/internal/debug/Debug')}
  0x0000021049c047a8: 0407 49ba | c853 4e60 | 1002 0000 | 4c89 5424 | 0848 c704 | 24ff ffff 

  0x0000021049c047c0: ;   {runtime_call counter_overflow Runtime1 stub}
  0x0000021049c047c0: ffe8 3aff 

  0x0000021049c047c4: ; ImmutableOopMap {r9=Oop [160]=Oop [168]=Oop [184]=Oop [200]=Oop [208]=Oop [216]=Oop }
                      ;*synchronization entry
                      ; - org.eclipse.osgi.internal.debug.Debug::trace@-1 (line 256)
                      ; - org.eclipse.osgi.internal.loader.BundleLoader::findClass0@90 (line 476)
  0x0000021049c047c4: 0407 e94b 

  0x0000021049c047c8: ;   {runtime_call throw_incompatible_class_change_error Runtime1 stub}
  0x0000021049c047c8: cbff ffe8 

  0x0000021049c047cc: ; ImmutableOopMap {rdx=Oop [160]=Oop [168]=Oop [184]=Oop [208]=Oop [216]=Oop }
                      ;*invokeinterface getLogger {reexecute=0 rethrow=0 return_oop=0}
                      ; - org.eclipse.osgi.internal.debug.Debug::trace@11 (line 265)
                      ; - org.eclipse.osgi.internal.loader.BundleLoader::findClass0@90 (line 476)
  0x0000021049c047cc: 30d2 0407 

  0x0000021049c047d0: ;   {runtime_call throw_null_pointer_exception Runtime1 stub}
  0x0000021049c047d0: e82b 9c04 

  0x0000021049c047d4: ; ImmutableOopMap {rdx=Oop [160]=Oop [168]=Oop [184]=Oop [208]=Oop [216]=Oop }
                      ;*invokeinterface getLogger {reexecute=0 rethrow=0 return_oop=0}
                      ; - org.eclipse.osgi.internal.debug.Debug::trace@11 (line 265)
                      ; - org.eclipse.osgi.internal.loader.BundleLoader::findClass0@90 (line 476)
                      ;   {metadata({method} {0x000002106050ca80} 'getLogger' '(Ljava/lang/String;)Lorg/osgi/service/log/Logger;' in 'org/eclipse/osgi/internal/log/ExtendedLogServiceImpl')}
  0x0000021049c047d4: 0749 ba78 | ca50 6010 | 0200 004c | 8954 2408 | 48c7 0424 | ffff ffff 

  0x0000021049c047ec: ;   {runtime_call counter_overflow Runtime1 stub}
  0x0000021049c047ec: e80f ff04 

  0x0000021049c047f0: ; ImmutableOopMap {rdx=Oop [160]=Oop [168]=Oop [184]=Oop [208]=Oop [216]=Oop }
                      ;*synchronization entry
                      ; - org.eclipse.osgi.internal.log.ExtendedLogServiceImpl::getLogger@-1 (line 1)
                      ; - org.eclipse.osgi.internal.debug.Debug::trace@11 (line 265)
                      ; - org.eclipse.osgi.internal.loader.BundleLoader::findClass0@90 (line 476)
  0x0000021049c047f0: 07e9 ddcb 

  0x0000021049c047f4: ;   {metadata({method} {0x000002106050a308} 'getLogger' '(Ljava/lang/String;)Lorg/eclipse/equinox/log/Logger;' in 'org/eclipse/osgi/internal/log/ExtendedLogServiceImpl')}
  0x0000021049c047f4: ffff 49ba | 00a3 5060 | 1002 0000 | 4c89 5424 | 0848 c704 | 24ff ffff 

  0x0000021049c0480c: ;   {runtime_call counter_overflow Runtime1 stub}
  0x0000021049c0480c: ffe8 eefe 

  0x0000021049c04810: ; ImmutableOopMap {rdx=Oop [160]=Oop [168]=Oop [184]=Oop [208]=Oop [216]=Oop }
                      ;*synchronization entry
                      ; - org.eclipse.osgi.internal.log.ExtendedLogServiceImpl::getLogger@-1 (line 73)
                      ; - org.eclipse.osgi.internal.log.ExtendedLogServiceImpl::getLogger@2 (line 1)
                      ; - org.eclipse.osgi.internal.debug.Debug::trace@11 (line 265)
                      ; - org.eclipse.osgi.internal.loader.BundleLoader::findClass0@90 (line 476)
  0x0000021049c04810: 0407 e90e | ccff ff48 

  0x0000021049c04818: ;   {runtime_call throw_class_cast_exception Runtime1 stub}
  0x0000021049c04818: 8904 24e8 

  0x0000021049c0481c: ; ImmutableOopMap {[160]=Oop [168]=Oop [184]=Oop [208]=Oop [216]=Oop }
                      ;*checkcast {reexecute=0 rethrow=0 return_oop=0}
                      ; - org.eclipse.osgi.internal.log.ExtendedLogServiceImpl::getLogger@7 (line 73)
                      ; - org.eclipse.osgi.internal.log.ExtendedLogServiceImpl::getLogger@2 (line 1)
                      ; - org.eclipse.osgi.internal.debug.Debug::trace@11 (line 265)
                      ; - org.eclipse.osgi.internal.loader.BundleLoader::findClass0@90 (line 476)
  0x0000021049c0481c: e0ce 0407 

  0x0000021049c04820: ;   {runtime_call throw_null_pointer_exception Runtime1 stub}
  0x0000021049c04820: e8db 9b04 

  0x0000021049c04824: ; ImmutableOopMap {rdx=Oop [160]=Oop [168]=Oop [184]=Oop [208]=Oop [216]=Oop }
                      ;*invokeinterface debug {reexecute=0 rethrow=0 return_oop=0}
                      ; - org.eclipse.osgi.internal.debug.Debug::trace@17 (line 265)
                      ; - org.eclipse.osgi.internal.loader.BundleLoader::findClass0@90 (line 476)
                      ;   {runtime_call throw_null_pointer_exception Runtime1 stub}
  0x0000021049c04824: 07e8 d69b 

  0x0000021049c04828: ; ImmutableOopMap {rax=Oop rdx=Oop [160]=Oop [168]=Oop [184]=Oop [208]=Oop }
                      ;*invokevirtual println {reexecute=0 rethrow=0 return_oop=0}
                      ; - org.eclipse.osgi.internal.debug.Debug::trace@29 (line 267)
                      ; - org.eclipse.osgi.internal.loader.BundleLoader::findClass0@90 (line 476)
                      ;   {runtime_call throw_null_pointer_exception Runtime1 stub}
  0x0000021049c04828: 0407 e8d1 

  0x0000021049c0482c: ; ImmutableOopMap {rdx=Oop rsi=Oop [160]=Oop [168]=Oop [184]=Oop [208]=Oop }
                      ;*invokevirtual isBootDelegationPackage {reexecute=0 rethrow=0 return_oop=0}
                      ; - org.eclipse.osgi.internal.loader.BundleLoader::findClass0@113 (line 480)
                      ;   {runtime_call throw_null_pointer_exception Runtime1 stub}
  0x0000021049c0482c: 9b04 07e8 

  0x0000021049c04830: ; ImmutableOopMap {rdx=Oop rsi=Oop [160]=Oop [168]=Oop [184]=Oop [208]=Oop }
                      ;*invokevirtual loadClass {reexecute=0 rethrow=0 return_oop=0}
                      ; - org.eclipse.osgi.internal.loader.BundleLoader::findClass0@124 (line 484)
  0x0000021049c04830: cc9b 0407 

  0x0000021049c04834: ;   {metadata({method} {0x00000210000143f0} 'loadClass' '(Ljava/lang/String;)Ljava/lang/Class;' in 'java/lang/ClassLoader')}
  0x0000021049c04834: 49ba e843 | 0100 1002 | 0000 4c89 | 5424 0848 | c704 24ff 

  0x0000021049c04848: ;   {runtime_call counter_overflow Runtime1 stub}
  0x0000021049c04848: ffff ffe8 

  0x0000021049c0484c: ; ImmutableOopMap {rdx=Oop rsi=Oop [160]=Oop [168]=Oop [184]=Oop [208]=Oop }
                      ;*synchronization entry
                      ; - java.lang.ClassLoader::loadClass@-1
                      ; - org.eclipse.osgi.internal.loader.BundleLoader::findClass0@124 (line 484)
  0x0000021049c0484c: b0fe 0407 | e915 d0ff 

  0x0000021049c04854: ;   {internal_word}
  0x0000021049c04854: ff49 ba34 | 19c0 4910 | 0200 004d | 8997 6804 

  0x0000021049c04864: ;   {runtime_call SafepointBlob}
  0x0000021049c04864: 0000 e995 | 02fa 0648 

  0x0000021049c0486c: ;   {runtime_call throw_class_cast_exception Runtime1 stub}
  0x0000021049c0486c: 8904 24e8 

  0x0000021049c04870: ; ImmutableOopMap {[160]=Oop [168]=Oop [184]=Oop [208]=Oop }
                      ;*checkcast {reexecute=0 rethrow=0 return_oop=0}
                      ; - org.eclipse.osgi.internal.loader.BundleLoader::findClass0@142 (line 492)
  0x0000021049c04870: 8cce 0407 

  0x0000021049c04874: ;   {metadata({method} {0x000002106058fac8} 'findImportedSource' '(Ljava/lang/String;Ljava/util/Collection;)Lorg/eclipse/osgi/internal/loader/sources/PackageSource;' in 'org/eclipse/osgi/internal/loader/BundleLoader')}
  0x0000021049c04874: 49ba c0fa | 5860 1002 | 0000 4c89 | 5424 0848 | c704 24ff 

  0x0000021049c04888: ;   {runtime_call counter_overflow Runtime1 stub}
  0x0000021049c04888: ffff ffe8 

  0x0000021049c0488c: ; ImmutableOopMap {[160]=Oop [168]=Oop [184]=Oop [208]=Oop [232]=Oop }
                      ;*synchronization entry
                      ; - org.eclipse.osgi.internal.loader.BundleLoader::findImportedSource@-1 (line 1251)
                      ; - org.eclipse.osgi.internal.loader.BundleLoader::findClass0@164 (line 499)
  0x0000021049c0488c: 70fe 0407 | e9b4 d2ff 

  0x0000021049c04894: ;   {runtime_call throw_null_pointer_exception Runtime1 stub}
  0x0000021049c04894: ffe8 669b 

  0x0000021049c04898: ; ImmutableOopMap {rsi=Oop [160]=Oop [168]=Oop [184]=Oop [208]=Oop [232]=Oop }
                      ;*monitorenter {reexecute=0 rethrow=0 return_oop=0}
                      ; - org.eclipse.osgi.internal.loader.BundleLoader::findImportedSource@10 (line 1252)
                      ; - org.eclipse.osgi.internal.loader.BundleLoader::findClass0@164 (line 499)
  0x0000021049c04898: 0407 4889 | 7424 084c 

  0x0000021049c048a0: ;   {runtime_call monitorenter_nofpu Runtime1 stub}
  0x0000021049c048a0: 8904 24e8 

  0x0000021049c048a4: ; ImmutableOopMap {rsi=Oop [160]=Oop [168]=Oop [184]=Oop [208]=Oop [232]=Oop [344]=Oop }
                      ;*monitorenter {reexecute=0 rethrow=0 return_oop=0}
                      ; - org.eclipse.osgi.internal.loader.BundleLoader::findImportedSource@10 (line 1252)
                      ; - org.eclipse.osgi.internal.loader.BundleLoader::findClass0@164 (line 499)
  0x0000021049c048a4: 58da 0407 | e914 d3ff | ff48 8904 

  0x0000021049c048b0: ;   {runtime_call throw_class_cast_exception Runtime1 stub}
  0x0000021049c048b0: 24e8 4ace 

  0x0000021049c048b4: ; ImmutableOopMap {[160]=Oop [168]=Oop [184]=Oop [208]=Oop [232]=Oop [240]=Oop [344]=Oop }
                      ;*checkcast {reexecute=0 rethrow=0 return_oop=0}
                      ; - org.eclipse.osgi.internal.loader.BundleLoader::findImportedSource@18 (line 1253)
                      ; - org.eclipse.osgi.internal.loader.BundleLoader::findClass0@164 (line 499)
  0x0000021049c048b4: 0407 488d | 8424 5001 | 0000 4889 

  0x0000021049c048c0: ;   {runtime_call monitorexit_nofpu Runtime1 stub}
  0x0000021049c048c0: 0424 e839 | e004 07e9 | d5d4 ffff 

  0x0000021049c048cc: ;   {runtime_call fast_new_instance Runtime1 stub}
  0x0000021049c048cc: 488b d2e8 

  0x0000021049c048d0: ; ImmutableOopMap {r11=Oop [160]=Oop [168]=Oop [208]=Oop [256]=Oop [264]=Oop }
                      ;*new {reexecute=0 rethrow=0 return_oop=0}
                      ; - org.eclipse.osgi.internal.loader.BundleLoader::findClass0@185 (line 502)
  0x0000021049c048d0: 2cb0 0407 | e99a d5ff 

  0x0000021049c048d8: ;   {metadata({method} {0x0000021000461898} '<init>' '(Ljava/lang/String;)V' in 'java/lang/StringBuilder')}
  0x0000021049c048d8: ff49 ba90 | 1846 0010 | 0200 004c | 8954 2408 | 48c7 0424 | ffff ffff 

  0x0000021049c048f0: ;   {runtime_call counter_overflow Runtime1 stub}
  0x0000021049c048f0: e80b fe04 

  0x0000021049c048f4: ; ImmutableOopMap {r11=Oop rax=Oop [160]=Oop [168]=Oop [208]=Oop [256]=Oop [264]=Oop }
                      ;*synchronization entry
                      ; - java.lang.StringBuilder::<init>@-1
                      ; - org.eclipse.osgi.internal.loader.BundleLoader::findClass0@192 (line 502)
  0x0000021049c048f4: 07e9 b7d5 

  0x0000021049c048f8: ;   {metadata({method} {0x0000021000461630} 'append' '(Ljava/lang/Object;)Ljava/lang/StringBuilder;' in 'java/lang/StringBuilder')}
  0x0000021049c048f8: ffff 49ba | 2816 4600 | 1002 0000 | 4c89 5424 | 0848 c704 | 24ff ffff 

  0x0000021049c04910: ;   {runtime_call counter_overflow Runtime1 stub}
  0x0000021049c04910: ffe8 eafd 

  0x0000021049c04914: ; ImmutableOopMap {[160]=Oop [168]=Oop [208]=Oop [248]=Oop [256]=Oop [264]=Oop }
                      ;*synchronization entry
                      ; - java.lang.StringBuilder::append@-1
                      ; - org.eclipse.osgi.internal.loader.BundleLoader::findClass0@196 (line 502)
  0x0000021049c04914: 0407 e912 

  0x0000021049c04918: ;   {metadata({method} {0x0000021000454d70} 'valueOf' '(Ljava/lang/Object;)Ljava/lang/String;' in 'java/lang/String')}
  0x0000021049c04918: d6ff ff49 | ba68 4d45 | 0010 0200 | 004c 8954 | 2408 48c7 | 0424 ffff 

  0x0000021049c04930: ;   {runtime_call counter_overflow Runtime1 stub}
  0x0000021049c04930: ffff e8c9 

  0x0000021049c04934: ; ImmutableOopMap {[160]=Oop [168]=Oop [208]=Oop [248]=Oop [256]=Oop [264]=Oop }
                      ;*synchronization entry
                      ; - java.lang.String::valueOf@-1
                      ; - java.lang.StringBuilder::append@2
                      ; - org.eclipse.osgi.internal.loader.BundleLoader::findClass0@196 (line 502)
  0x0000021049c04934: fd04 07e9 | 2ad6 ffff 

  0x0000021049c0493c: ;   {metadata({method} {0x00000210004615d8} 'append' '(Ljava/lang/String;)Ljava/lang/StringBuilder;' in 'java/lang/StringBuilder')}
  0x0000021049c0493c: 49ba d015 | 4600 1002 | 0000 4c89 | 5424 0848 | c704 24ff 

  0x0000021049c04950: ;   {runtime_call counter_overflow Runtime1 stub}
  0x0000021049c04950: ffff ffe8 

  0x0000021049c04954: ; ImmutableOopMap {rax=Oop [160]=Oop [168]=Oop [208]=Oop [248]=Oop [256]=Oop [264]=Oop }
                      ;*synchronization entry
                      ; - java.lang.StringBuilder::append@-1
                      ; - java.lang.StringBuilder::append@5
                      ; - org.eclipse.osgi.internal.loader.BundleLoader::findClass0@196 (line 502)
  0x0000021049c04954: a8fd 0407 | e90a d7ff 

  0x0000021049c0495c: ;   {metadata({method} {0x00000210004615d8} 'append' '(Ljava/lang/String;)Ljava/lang/StringBuilder;' in 'java/lang/StringBuilder')}
  0x0000021049c0495c: ff49 bad0 | 1546 0010 | 0200 004c | 8954 2408 | 48c7 0424 | ffff ffff 

  0x0000021049c04974: ;   {runtime_call counter_overflow Runtime1 stub}
  0x0000021049c04974: e887 fd04 

  0x0000021049c04978: ; ImmutableOopMap {[160]=Oop [168]=Oop [208]=Oop [248]=Oop [256]=Oop [264]=Oop }
                      ;*synchronization entry
                      ; - java.lang.StringBuilder::append@-1
                      ; - org.eclipse.osgi.internal.loader.BundleLoader::findClass0@202 (line 502)
  0x0000021049c04978: 07e9 61d7 

  0x0000021049c0497c: ;   {metadata({method} {0x0000021000461630} 'append' '(Ljava/lang/Object;)Ljava/lang/StringBuilder;' in 'java/lang/StringBuilder')}
  0x0000021049c0497c: ffff 49ba | 2816 4600 | 1002 0000 | 4c89 5424 | 0848 c704 | 24ff ffff 

  0x0000021049c04994: ;   {runtime_call counter_overflow Runtime1 stub}
  0x0000021049c04994: ffe8 66fd 

  0x0000021049c04998: ; ImmutableOopMap {[160]=Oop [168]=Oop [208]=Oop [248]=Oop [256]=Oop [264]=Oop }
                      ;*synchronization entry
                      ; - java.lang.StringBuilder::append@-1
                      ; - org.eclipse.osgi.internal.loader.BundleLoader::findClass0@207 (line 502)
  0x0000021049c04998: 0407 e9be 

  0x0000021049c0499c: ;   {metadata({method} {0x0000021000454d70} 'valueOf' '(Ljava/lang/Object;)Ljava/lang/String;' in 'java/lang/String')}
  0x0000021049c0499c: d7ff ff49 | ba68 4d45 | 0010 0200 | 004c 8954 | 2408 48c7 | 0424 ffff 

  0x0000021049c049b4: ;   {runtime_call counter_overflow Runtime1 stub}
  0x0000021049c049b4: ffff e845 

  0x0000021049c049b8: ; ImmutableOopMap {[160]=Oop [168]=Oop [208]=Oop [248]=Oop [256]=Oop [264]=Oop }
                      ;*synchronization entry
                      ; - java.lang.String::valueOf@-1
                      ; - java.lang.StringBuilder::append@2
                      ; - org.eclipse.osgi.internal.loader.BundleLoader::findClass0@207 (line 502)
  0x0000021049c049b8: fd04 07e9 | d6d7 ffff 

  0x0000021049c049c0: ;   {runtime_call throw_null_pointer_exception Runtime1 stub}
  0x0000021049c049c0: e83b 9a04 

  0x0000021049c049c4: ; ImmutableOopMap {rbx=Oop [160]=Oop [168]=Oop [208]=Oop [248]=Oop [256]=Oop [264]=Oop }
                      ;*invokevirtual toString {reexecute=0 rethrow=0 return_oop=0}
                      ; - java.lang.String::valueOf@11
                      ; - java.lang.StringBuilder::append@2
                      ; - org.eclipse.osgi.internal.loader.BundleLoader::findClass0@207 (line 502)
                      ;   {metadata({method} {0x00000210004615d8} 'append' '(Ljava/lang/String;)Ljava/lang/StringBuilder;' in 'java/lang/StringBuilder')}
  0x0000021049c049c4: 0749 bad0 | 1546 0010 | 0200 004c | 8954 2408 | 48c7 0424 | ffff ffff 

  0x0000021049c049dc: ;   {runtime_call counter_overflow Runtime1 stub}
  0x0000021049c049dc: e81f fd04 

  0x0000021049c049e0: ; ImmutableOopMap {rsi=Oop [160]=Oop [168]=Oop [208]=Oop [248]=Oop [256]=Oop [264]=Oop }
                      ;*synchronization entry
                      ; - java.lang.StringBuilder::append@-1
                      ; - java.lang.StringBuilder::append@5
                      ; - org.eclipse.osgi.internal.loader.BundleLoader::findClass0@207 (line 502)
  0x0000021049c049e0: 07e9 f4d8 

  0x0000021049c049e4: ;   {metadata({method} {0x0000021000008958} 'toString' '()Ljava/lang/String;' in 'java/lang/StringBuilder')}
  0x0000021049c049e4: ffff 49ba | 5089 0000 | 1002 0000 | 4c89 5424 | 0848 c704 | 24ff ffff 

  0x0000021049c049fc: ;   {runtime_call counter_overflow Runtime1 stub}
  0x0000021049c049fc: ffe8 fefc 

  0x0000021049c04a00: ; ImmutableOopMap {r8=Oop [160]=Oop [168]=Oop [208]=Oop [256]=Oop [264]=Oop }
                      ;*synchronization entry
                      ; - java.lang.StringBuilder::toString@-1
                      ; - org.eclipse.osgi.internal.loader.BundleLoader::findClass0@210 (line 502)
  0x0000021049c04a00: 0407 e949 | d9ff ff48 

  0x0000021049c04a08: ;   {runtime_call fast_new_instance Runtime1 stub}
  0x0000021049c04a08: 8bd2 e8f1 

  0x0000021049c04a0c: ; ImmutableOopMap {r8=Oop [160]=Oop [168]=Oop [208]=Oop [256]=Oop [264]=Oop }
                      ;*new {reexecute=0 rethrow=0 return_oop=0}
                      ; - java.lang.StringBuilder::toString@0
                      ; - org.eclipse.osgi.internal.loader.BundleLoader::findClass0@210 (line 502)
  0x0000021049c04a0c: ae04 07e9 | 8cd9 ffff 

  0x0000021049c04a14: ;   {metadata({method} {0x00000210004558c8} '<init>' '(Ljava/lang/StringBuilder;)V' in 'java/lang/String')}
  0x0000021049c04a14: 49ba c058 | 4500 1002 | 0000 4c89 | 5424 0848 | c704 24ff 

  0x0000021049c04a28: ;   {runtime_call counter_overflow Runtime1 stub}
  0x0000021049c04a28: ffff ffe8 

  0x0000021049c04a2c: ; ImmutableOopMap {r8=Oop rax=Oop [160]=Oop [168]=Oop [208]=Oop [256]=Oop [264]=Oop }
                      ;*synchronization entry
                      ; - java.lang.String::<init>@-1
                      ; - java.lang.StringBuilder::toString@5
                      ; - org.eclipse.osgi.internal.loader.BundleLoader::findClass0@210 (line 502)
  0x0000021049c04a2c: d0fc 0407 | e9a9 d9ff 

  0x0000021049c04a34: ;   {runtime_call throw_null_pointer_exception Runtime1 stub}
  0x0000021049c04a34: ffe8 c699 

  0x0000021049c04a38: ; ImmutableOopMap {r11=Oop [160]=Oop [168]=Oop [208]=Oop [256]=Oop [264]=Oop [272]=Oop }
                      ;*invokevirtual trace {reexecute=0 rethrow=0 return_oop=0}
                      ; - org.eclipse.osgi.internal.loader.BundleLoader::findClass0@213 (line 502)
                      ;   {metadata({method} {0x00000210604e53d0} 'trace' '(Ljava/lang/String;Ljava/lang/String;)V' in 'org/eclipse/osgi/internal/debug/Debug')}
  0x0000021049c04a38: 0407 49ba | c853 4e60 | 1002 0000 | 4c89 5424 | 0848 c704 | 24ff ffff 

  0x0000021049c04a50: ;   {runtime_call counter_overflow Runtime1 stub}
  0x0000021049c04a50: ffe8 aafc 

  0x0000021049c04a54: ; ImmutableOopMap {r11=Oop [160]=Oop [168]=Oop [208]=Oop [256]=Oop [264]=Oop [272]=Oop }
                      ;*synchronization entry
                      ; - org.eclipse.osgi.internal.debug.Debug::trace@-1 (line 256)
                      ; - org.eclipse.osgi.internal.loader.BundleLoader::findClass0@213 (line 502)
  0x0000021049c04a54: 0407 e91e 

  0x0000021049c04a58: ;   {runtime_call throw_incompatible_class_change_error Runtime1 stub}
  0x0000021049c04a58: daff ffe8 

  0x0000021049c04a5c: ; ImmutableOopMap {rdx=Oop [160]=Oop [168]=Oop [208]=Oop [256]=Oop [272]=Oop }
                      ;*invokeinterface getLogger {reexecute=0 rethrow=0 return_oop=0}
                      ; - org.eclipse.osgi.internal.debug.Debug::trace@11 (line 265)
                      ; - org.eclipse.osgi.internal.loader.BundleLoader::findClass0@213 (line 502)
  0x0000021049c04a5c: a0cf 0407 

  0x0000021049c04a60: ;   {runtime_call throw_null_pointer_exception Runtime1 stub}
  0x0000021049c04a60: e89b 9904 

  0x0000021049c04a64: ; ImmutableOopMap {rdx=Oop [160]=Oop [168]=Oop [208]=Oop [256]=Oop [272]=Oop }
                      ;*invokeinterface getLogger {reexecute=0 rethrow=0 return_oop=0}
                      ; - org.eclipse.osgi.internal.debug.Debug::trace@11 (line 265)
                      ; - org.eclipse.osgi.internal.loader.BundleLoader::findClass0@213 (line 502)
                      ;   {metadata({method} {0x000002106050ca80} 'getLogger' '(Ljava/lang/String;)Lorg/osgi/service/log/Logger;' in 'org/eclipse/osgi/internal/log/ExtendedLogServiceImpl')}
  0x0000021049c04a64: 0749 ba78 | ca50 6010 | 0200 004c | 8954 2408 | 48c7 0424 | ffff ffff 

  0x0000021049c04a7c: ;   {runtime_call counter_overflow Runtime1 stub}
  0x0000021049c04a7c: e87f fc04 

  0x0000021049c04a80: ; ImmutableOopMap {rdx=Oop [160]=Oop [168]=Oop [208]=Oop [256]=Oop [272]=Oop }
                      ;*synchronization entry
                      ; - org.eclipse.osgi.internal.log.ExtendedLogServiceImpl::getLogger@-1 (line 1)
                      ; - org.eclipse.osgi.internal.debug.Debug::trace@11 (line 265)
                      ; - org.eclipse.osgi.internal.loader.BundleLoader::findClass0@213 (line 502)
  0x0000021049c04a80: 07e9 b0da 

  0x0000021049c04a84: ;   {metadata({method} {0x000002106050a308} 'getLogger' '(Ljava/lang/String;)Lorg/eclipse/equinox/log/Logger;' in 'org/eclipse/osgi/internal/log/ExtendedLogServiceImpl')}
  0x0000021049c04a84: ffff 49ba | 00a3 5060 | 1002 0000 | 4c89 5424 | 0848 c704 | 24ff ffff 

  0x0000021049c04a9c: ;   {runtime_call counter_overflow Runtime1 stub}
  0x0000021049c04a9c: ffe8 5efc 

  0x0000021049c04aa0: ; ImmutableOopMap {rdx=Oop [160]=Oop [168]=Oop [208]=Oop [256]=Oop [272]=Oop }
                      ;*synchronization entry
                      ; - org.eclipse.osgi.internal.log.ExtendedLogServiceImpl::getLogger@-1 (line 73)
                      ; - org.eclipse.osgi.internal.log.ExtendedLogServiceImpl::getLogger@2 (line 1)
                      ; - org.eclipse.osgi.internal.debug.Debug::trace@11 (line 265)
                      ; - org.eclipse.osgi.internal.loader.BundleLoader::findClass0@213 (line 502)
  0x0000021049c04aa0: 0407 e9e1 | daff ff48 

  0x0000021049c04aa8: ;   {runtime_call throw_class_cast_exception Runtime1 stub}
  0x0000021049c04aa8: 8904 24e8 

  0x0000021049c04aac: ; ImmutableOopMap {[160]=Oop [168]=Oop [208]=Oop [256]=Oop [272]=Oop }
                      ;*checkcast {reexecute=0 rethrow=0 return_oop=0}
                      ; - org.eclipse.osgi.internal.log.ExtendedLogServiceImpl::getLogger@7 (line 73)
                      ; - org.eclipse.osgi.internal.log.ExtendedLogServiceImpl::getLogger@2 (line 1)
                      ; - org.eclipse.osgi.internal.debug.Debug::trace@11 (line 265)
                      ; - org.eclipse.osgi.internal.loader.BundleLoader::findClass0@213 (line 502)
  0x0000021049c04aac: 50cc 0407 

  0x0000021049c04ab0: ;   {runtime_call throw_null_pointer_exception Runtime1 stub}
  0x0000021049c04ab0: e84b 9904 

  0x0000021049c04ab4: ; ImmutableOopMap {rdx=Oop [160]=Oop [168]=Oop [208]=Oop [256]=Oop [272]=Oop }
                      ;*invokeinterface debug {reexecute=0 rethrow=0 return_oop=0}
                      ; - org.eclipse.osgi.internal.debug.Debug::trace@17 (line 265)
                      ; - org.eclipse.osgi.internal.loader.BundleLoader::findClass0@213 (line 502)
                      ;   {runtime_call throw_null_pointer_exception Runtime1 stub}
  0x0000021049c04ab4: 07e8 4699 

  0x0000021049c04ab8: ; ImmutableOopMap {rax=Oop rdx=Oop [160]=Oop [168]=Oop [208]=Oop [256]=Oop }
                      ;*invokevirtual println {reexecute=0 rethrow=0 return_oop=0}
                      ; - org.eclipse.osgi.internal.debug.Debug::trace@29 (line 267)
                      ; - org.eclipse.osgi.internal.loader.BundleLoader::findClass0@213 (line 502)
                      ;   {runtime_call throw_null_pointer_exception Runtime1 stub}
  0x0000021049c04ab8: 0407 e841 

  0x0000021049c04abc: ; ImmutableOopMap {rbx=Oop [160]=Oop [168]=Oop [208]=Oop [256]=Oop }
                      ;*invokevirtual loadClass {reexecute=0 rethrow=0 return_oop=0}
                      ; - org.eclipse.osgi.internal.loader.BundleLoader::findClass0@219 (line 505)
                      ;   {runtime_call throw_null_pointer_exception Runtime1 stub}
  0x0000021049c04abc: 9904 07e8 

  0x0000021049c04ac0: ; ImmutableOopMap {rax=Oop [160]=Oop [168]=Oop [208]=Oop }
                      ;*invokevirtual publicFindLoaded {reexecute=0 rethrow=0 return_oop=0}
                      ; - org.eclipse.osgi.internal.loader.BundleLoader::findClass0@234 (line 509)
  0x0000021049c04ac0: 3c99 0407 

  0x0000021049c04ac4: ;   {metadata({method} {0x0000021060628d58} 'publicFindLoaded' '(Ljava/lang/String;)Ljava/lang/Class;' in 'org/eclipse/osgi/internal/loader/ModuleClassLoader')}
  0x0000021049c04ac4: 49ba 508d | 6260 1002 | 0000 4c89 | 5424 0848 | c704 24ff 

  0x0000021049c04ad8: ;   {runtime_call counter_overflow Runtime1 stub}
  0x0000021049c04ad8: ffff ffe8 

  0x0000021049c04adc: ; ImmutableOopMap {rax=Oop [160]=Oop [168]=Oop [208]=Oop }
                      ;*synchronization entry
                      ; - org.eclipse.osgi.internal.loader.ModuleClassLoader::publicFindLoaded@-1 (line 323)
                      ; - org.eclipse.osgi.internal.loader.BundleLoader::findClass0@234 (line 509)
  0x0000021049c04adc: 20fc 0407 | e987 dfff 

  0x0000021049c04ae4: ;   {metadata({method} {0x0000021060629a90} 'getClassLoadingLock' '(Ljava/lang/String;)Ljava/lang/Object;' in 'org/eclipse/osgi/internal/loader/ModuleClassLoader')}
  0x0000021049c04ae4: ff49 ba88 | 9a62 6010 | 0200 004c | 8954 2408 | 48c7 0424 | ffff ffff 

  0x0000021049c04afc: ;   {runtime_call counter_overflow Runtime1 stub}
  0x0000021049c04afc: e8ff fb04 

  0x0000021049c04b00: ; ImmutableOopMap {rax=Oop [160]=Oop [168]=Oop [208]=Oop }
                      ;*synchronization entry
                      ; - org.eclipse.osgi.internal.loader.ModuleClassLoader::getClassLoadingLock@-1 (line 437)
                      ; - org.eclipse.osgi.internal.loader.ModuleClassLoader::publicFindLoaded@2 (line 323)
                      ; - org.eclipse.osgi.internal.loader.BundleLoader::findClass0@234 (line 509)
  0x0000021049c04b00: 07e9 23e0 

  0x0000021049c04b04: ;   {runtime_call throw_null_pointer_exception Runtime1 stub}
  0x0000021049c04b04: ffff e8f5 

  0x0000021049c04b08: ; ImmutableOopMap {rax=Oop rdx=Oop [160]=Oop [168]=Oop [208]=Oop }
                      ;*invokevirtual getLock {reexecute=0 rethrow=0 return_oop=0}
                      ; - org.eclipse.osgi.internal.loader.ModuleClassLoader::getClassLoadingLock@5 (line 437)
                      ; - org.eclipse.osgi.internal.loader.ModuleClassLoader::publicFindLoaded@2 (line 323)
                      ; - org.eclipse.osgi.internal.loader.BundleLoader::findClass0@234 (line 509)
                      ;   {runtime_call throw_null_pointer_exception Runtime1 stub}
  0x0000021049c04b08: 9804 07e8 

  0x0000021049c04b0c: ; ImmutableOopMap {rsi=Oop [160]=Oop [168]=Oop [208]=Oop [280]=Oop [288]=Oop }
                      ;*monitorenter {reexecute=0 rethrow=0 return_oop=0}
                      ; - org.eclipse.osgi.internal.loader.ModuleClassLoader::publicFindLoaded@7 (line 323)
                      ; - org.eclipse.osgi.internal.loader.BundleLoader::findClass0@234 (line 509)
  0x0000021049c04b0c: f098 0407 | 4889 7424 | 0848 8914 

  0x0000021049c04b18: ;   {runtime_call monitorenter_nofpu Runtime1 stub}
  0x0000021049c04b18: 24e8 e2d7 

  0x0000021049c04b1c: ; ImmutableOopMap {rsi=Oop [160]=Oop [168]=Oop [208]=Oop [280]=Oop [288]=Oop [344]=Oop }
                      ;*monitorenter {reexecute=0 rethrow=0 return_oop=0}
                      ; - org.eclipse.osgi.internal.loader.ModuleClassLoader::publicFindLoaded@7 (line 323)
                      ; - org.eclipse.osgi.internal.loader.BundleLoader::findClass0@234 (line 509)
  0x0000021049c04b1c: 0407 e986 

  0x0000021049c04b20: ;   {metadata({method} {0x0000021000434ed0} 'findLoadedClass' '(Ljava/lang/String;)Ljava/lang/Class;' in 'java/lang/ClassLoader')}
  0x0000021049c04b20: e0ff ff49 | bac8 4e43 | 0010 0200 | 004c 8954 | 2408 48c7 | 0424 ffff 

  0x0000021049c04b38: ;   {runtime_call counter_overflow Runtime1 stub}
  0x0000021049c04b38: ffff e8c1 

  0x0000021049c04b3c: ; ImmutableOopMap {[160]=Oop [168]=Oop [208]=Oop [280]=Oop [288]=Oop [344]=Oop }
                      ;*synchronization entry
                      ; - java.lang.ClassLoader::findLoadedClass@-1
                      ; - org.eclipse.osgi.internal.loader.ModuleClassLoader::publicFindLoaded@10 (line 324)
                      ; - org.eclipse.osgi.internal.loader.BundleLoader::findClass0@234 (line 509)
  0x0000021049c04b3c: fb04 07e9 | a6e0 ffff | 488d 8424 | 5001 0000 | 4889 0424 

  0x0000021049c04b50: ;   {runtime_call monitorexit_nofpu Runtime1 stub}
  0x0000021049c04b50: e8ab dd04 | 07e9 5fe1 

  0x0000021049c04b58: ;   {internal_word}
  0x0000021049c04b58: ffff 49ba | f32c c049 | 1002 0000 | 4d89 9768 

  0x0000021049c04b68: ;   {runtime_call SafepointBlob}
  0x0000021049c04b68: 0400 00e9 | 90ff f906 

  0x0000021049c04b70: ;   {runtime_call fast_new_instance Runtime1 stub}
  0x0000021049c04b70: 488b d2e8 

  0x0000021049c04b74: ; ImmutableOopMap {r9=Oop [160]=Oop [168]=Oop [184]=Oop [208]=Oop [304]=Oop [312]=Oop }
                      ;*new {reexecute=0 rethrow=0 return_oop=0}
                      ; - org.eclipse.osgi.internal.loader.BundleLoader::findClass0@281 (line 520)
  0x0000021049c04b74: 88ad 0407 | e9ae e2ff 

  0x0000021049c04b7c: ;   {metadata({method} {0x0000021000461898} '<init>' '(Ljava/lang/String;)V' in 'java/lang/StringBuilder')}
  0x0000021049c04b7c: ff49 ba90 | 1846 0010 | 0200 004c | 8954 2408 | 48c7 0424 | ffff ffff 

  0x0000021049c04b94: ;   {runtime_call counter_overflow Runtime1 stub}
  0x0000021049c04b94: e867 fb04 

  0x0000021049c04b98: ; ImmutableOopMap {r9=Oop rax=Oop [160]=Oop [168]=Oop [184]=Oop [208]=Oop [304]=Oop [312]=Oop }
                      ;*synchronization entry
                      ; - java.lang.StringBuilder::<init>@-1
                      ; - org.eclipse.osgi.internal.loader.BundleLoader::findClass0@288 (line 520)
  0x0000021049c04b98: 07e9 cbe2 

  0x0000021049c04b9c: ;   {metadata({method} {0x0000021000461630} 'append' '(Ljava/lang/Object;)Ljava/lang/StringBuilder;' in 'java/lang/StringBuilder')}
  0x0000021049c04b9c: ffff 49ba | 2816 4600 | 1002 0000 | 4c89 5424 | 0848 c704 | 24ff ffff 

  0x0000021049c04bb4: ;   {runtime_call counter_overflow Runtime1 stub}
  0x0000021049c04bb4: ffe8 46fb 

  0x0000021049c04bb8: ; ImmutableOopMap {[160]=Oop [168]=Oop [184]=Oop [208]=Oop [296]=Oop [304]=Oop [312]=Oop }
                      ;*synchronization entry
                      ; - java.lang.StringBuilder::append@-1
                      ; - org.eclipse.osgi.internal.loader.BundleLoader::findClass0@292 (line 520)
  0x0000021049c04bb8: 0407 e926 

  0x0000021049c04bbc: ;   {metadata({method} {0x0000021000454d70} 'valueOf' '(Ljava/lang/Object;)Ljava/lang/String;' in 'java/lang/String')}
  0x0000021049c04bbc: e3ff ff49 | ba68 4d45 | 0010 0200 | 004c 8954 | 2408 48c7 | 0424 ffff 

  0x0000021049c04bd4: ;   {runtime_call counter_overflow Runtime1 stub}
  0x0000021049c04bd4: ffff e825 

  0x0000021049c04bd8: ; ImmutableOopMap {[160]=Oop [168]=Oop [184]=Oop [208]=Oop [296]=Oop [304]=Oop [312]=Oop }
                      ;*synchronization entry
                      ; - java.lang.String::valueOf@-1
                      ; - java.lang.StringBuilder::append@2
                      ; - org.eclipse.osgi.internal.loader.BundleLoader::findClass0@292 (line 520)
  0x0000021049c04bd8: fb04 07e9 | 3ee3 ffff 

  0x0000021049c04be0: ;   {metadata({method} {0x00000210004615d8} 'append' '(Ljava/lang/String;)Ljava/lang/StringBuilder;' in 'java/lang/StringBuilder')}
  0x0000021049c04be0: 49ba d015 | 4600 1002 | 0000 4c89 | 5424 0848 | c704 24ff 

  0x0000021049c04bf4: ;   {runtime_call counter_overflow Runtime1 stub}
  0x0000021049c04bf4: ffff ffe8 

  0x0000021049c04bf8: ; ImmutableOopMap {rax=Oop [160]=Oop [168]=Oop [184]=Oop [208]=Oop [296]=Oop [304]=Oop [312]=Oop }
                      ;*synchronization entry
                      ; - java.lang.StringBuilder::append@-1
                      ; - java.lang.StringBuilder::append@5
                      ; - org.eclipse.osgi.internal.loader.BundleLoader::findClass0@292 (line 520)
  0x0000021049c04bf8: 04fb 0407 | e91e e4ff 

  0x0000021049c04c00: ;   {metadata({method} {0x00000210004615d8} 'append' '(Ljava/lang/String;)Ljava/lang/StringBuilder;' in 'java/lang/StringBuilder')}
  0x0000021049c04c00: ff49 bad0 | 1546 0010 | 0200 004c | 8954 2408 | 48c7 0424 | ffff ffff 

  0x0000021049c04c18: ;   {runtime_call counter_overflow Runtime1 stub}
  0x0000021049c04c18: e8e3 fa04 

  0x0000021049c04c1c: ; ImmutableOopMap {[160]=Oop [168]=Oop [184]=Oop [208]=Oop [296]=Oop [304]=Oop [312]=Oop }
                      ;*synchronization entry
                      ; - java.lang.StringBuilder::append@-1
                      ; - org.eclipse.osgi.internal.loader.BundleLoader::findClass0@298 (line 520)
  0x0000021049c04c1c: 07e9 75e4 

  0x0000021049c04c20: ;   {metadata({method} {0x0000021000461630} 'append' '(Ljava/lang/Object;)Ljava/lang/StringBuilder;' in 'java/lang/StringBuilder')}
  0x0000021049c04c20: ffff 49ba | 2816 4600 | 1002 0000 | 4c89 5424 | 0848 c704 | 24ff ffff 

  0x0000021049c04c38: ;   {runtime_call counter_overflow Runtime1 stub}
  0x0000021049c04c38: ffe8 c2fa 

  0x0000021049c04c3c: ; ImmutableOopMap {[160]=Oop [168]=Oop [184]=Oop [208]=Oop [296]=Oop [304]=Oop [312]=Oop }
                      ;*synchronization entry
                      ; - java.lang.StringBuilder::append@-1
                      ; - org.eclipse.osgi.internal.loader.BundleLoader::findClass0@303 (line 520)
  0x0000021049c04c3c: 0407 e9d2 

  0x0000021049c04c40: ;   {metadata({method} {0x0000021000454d70} 'valueOf' '(Ljava/lang/Object;)Ljava/lang/String;' in 'java/lang/String')}
  0x0000021049c04c40: e4ff ff49 | ba68 4d45 | 0010 0200 | 004c 8954 | 2408 48c7 | 0424 ffff 

  0x0000021049c04c58: ;   {runtime_call counter_overflow Runtime1 stub}
  0x0000021049c04c58: ffff e8a1 

  0x0000021049c04c5c: ; ImmutableOopMap {[160]=Oop [168]=Oop [184]=Oop [208]=Oop [296]=Oop [304]=Oop [312]=Oop }
                      ;*synchronization entry
                      ; - java.lang.String::valueOf@-1
                      ; - java.lang.StringBuilder::append@2
                      ; - org.eclipse.osgi.internal.loader.BundleLoader::findClass0@303 (line 520)
  0x0000021049c04c5c: fa04 07e9 | eae4 ffff 

  0x0000021049c04c64: ;   {runtime_call throw_null_pointer_exception Runtime1 stub}
  0x0000021049c04c64: e897 9704 

  0x0000021049c04c68: ; ImmutableOopMap {rax=Oop [160]=Oop [168]=Oop [184]=Oop [208]=Oop [296]=Oop [304]=Oop [312]=Oop }
                      ;*invokevirtual toString {reexecute=0 rethrow=0 return_oop=0}
                      ; - java.lang.String::valueOf@11
                      ; - java.lang.StringBuilder::append@2
                      ; - org.eclipse.osgi.internal.loader.BundleLoader::findClass0@303 (line 520)
                      ;   {metadata({method} {0x00000210004615d8} 'append' '(Ljava/lang/String;)Ljava/lang/StringBuilder;' in 'java/lang/StringBuilder')}
  0x0000021049c04c68: 0749 bad0 | 1546 0010 | 0200 004c | 8954 2408 | 48c7 0424 | ffff ffff 

  0x0000021049c04c80: ;   {runtime_call counter_overflow Runtime1 stub}
  0x0000021049c04c80: e87b fa04 

  0x0000021049c04c84: ; ImmutableOopMap {rsi=Oop [160]=Oop [168]=Oop [184]=Oop [208]=Oop [296]=Oop [304]=Oop [312]=Oop }
                      ;*synchronization entry
                      ; - java.lang.StringBuilder::append@-1
                      ; - java.lang.StringBuilder::append@5
                      ; - org.eclipse.osgi.internal.loader.BundleLoader::findClass0@303 (line 520)
  0x0000021049c04c84: 07e9 08e6 

  0x0000021049c04c88: ;   {metadata({method} {0x0000021000008958} 'toString' '()Ljava/lang/String;' in 'java/lang/StringBuilder')}
  0x0000021049c04c88: ffff 49ba | 5089 0000 | 1002 0000 | 4c89 5424 | 0848 c704 | 24ff ffff 

  0x0000021049c04ca0: ;   {runtime_call counter_overflow Runtime1 stub}
  0x0000021049c04ca0: ffe8 5afa 

  0x0000021049c04ca4: ; ImmutableOopMap {r8=Oop [160]=Oop [168]=Oop [184]=Oop [208]=Oop [304]=Oop [312]=Oop }
                      ;*synchronization entry
                      ; - java.lang.StringBuilder::toString@-1
                      ; - org.eclipse.osgi.internal.loader.BundleLoader::findClass0@306 (line 520)
  0x0000021049c04ca4: 0407 e95d | e6ff ff48 

  0x0000021049c04cac: ;   {runtime_call fast_new_instance Runtime1 stub}
  0x0000021049c04cac: 8bd2 e84d 

  0x0000021049c04cb0: ; ImmutableOopMap {r8=Oop [160]=Oop [168]=Oop [184]=Oop [208]=Oop [304]=Oop [312]=Oop }
                      ;*new {reexecute=0 rethrow=0 return_oop=0}
                      ; - java.lang.StringBuilder::toString@0
                      ; - org.eclipse.osgi.internal.loader.BundleLoader::findClass0@306 (line 520)
  0x0000021049c04cb0: ac04 07e9 | a0e6 ffff 

  0x0000021049c04cb8: ;   {metadata({method} {0x00000210004558c8} '<init>' '(Ljava/lang/StringBuilder;)V' in 'java/lang/String')}
  0x0000021049c04cb8: 49ba c058 | 4500 1002 | 0000 4c89 | 5424 0848 | c704 24ff 

  0x0000021049c04ccc: ;   {runtime_call counter_overflow Runtime1 stub}
  0x0000021049c04ccc: ffff ffe8 

  0x0000021049c04cd0: ; ImmutableOopMap {r8=Oop rax=Oop [160]=Oop [168]=Oop [184]=Oop [208]=Oop [304]=Oop [312]=Oop }
                      ;*synchronization entry
                      ; - java.lang.String::<init>@-1
                      ; - java.lang.StringBuilder::toString@5
                      ; - org.eclipse.osgi.internal.loader.BundleLoader::findClass0@306 (line 520)
  0x0000021049c04cd0: 2cfa 0407 | e9bb e6ff 

  0x0000021049c04cd8: ;   {runtime_call throw_null_pointer_exception Runtime1 stub}
  0x0000021049c04cd8: ffe8 2297 

  0x0000021049c04cdc: ; ImmutableOopMap {r9=Oop [160]=Oop [168]=Oop [184]=Oop [208]=Oop [304]=Oop [312]=Oop [320]=Oop }
                      ;*invokevirtual trace {reexecute=0 rethrow=0 return_oop=0}
                      ; - org.eclipse.osgi.internal.loader.BundleLoader::findClass0@309 (line 519)
                      ;   {metadata({method} {0x00000210604e53d0} 'trace' '(Ljava/lang/String;Ljava/lang/String;)V' in 'org/eclipse/osgi/internal/debug/Debug')}
  0x0000021049c04cdc: 0407 49ba | c853 4e60 | 1002 0000 | 4c89 5424 | 0848 c704 | 24ff ffff 

  0x0000021049c04cf4: ;   {runtime_call counter_overflow Runtime1 stub}
  0x0000021049c04cf4: ffe8 06fa 

  0x0000021049c04cf8: ; ImmutableOopMap {r9=Oop [160]=Oop [168]=Oop [184]=Oop [208]=Oop [304]=Oop [312]=Oop [320]=Oop }
                      ;*synchronization entry
                      ; - org.eclipse.osgi.internal.debug.Debug::trace@-1 (line 256)
                      ; - org.eclipse.osgi.internal.loader.BundleLoader::findClass0@309 (line 519)
  0x0000021049c04cf8: 0407 e927 

  0x0000021049c04cfc: ;   {runtime_call throw_incompatible_class_change_error Runtime1 stub}
  0x0000021049c04cfc: e7ff ffe8 

  0x0000021049c04d00: ; ImmutableOopMap {rdx=Oop [160]=Oop [168]=Oop [184]=Oop [208]=Oop [304]=Oop [320]=Oop }
                      ;*invokeinterface getLogger {reexecute=0 rethrow=0 return_oop=0}
                      ; - org.eclipse.osgi.internal.debug.Debug::trace@11 (line 265)
                      ; - org.eclipse.osgi.internal.loader.BundleLoader::findClass0@309 (line 519)
  0x0000021049c04d00: fccc 0407 

  0x0000021049c04d04: ;   {runtime_call throw_null_pointer_exception Runtime1 stub}
  0x0000021049c04d04: e8f7 9604 

  0x0000021049c04d08: ; ImmutableOopMap {rdx=Oop [160]=Oop [168]=Oop [184]=Oop [208]=Oop [304]=Oop [320]=Oop }
                      ;*invokeinterface getLogger {reexecute=0 rethrow=0 return_oop=0}
                      ; - org.eclipse.osgi.internal.debug.Debug::trace@11 (line 265)
                      ; - org.eclipse.osgi.internal.loader.BundleLoader::findClass0@309 (line 519)
                      ;   {metadata({method} {0x000002106050ca80} 'getLogger' '(Ljava/lang/String;)Lorg/osgi/service/log/Logger;' in 'org/eclipse/osgi/internal/log/ExtendedLogServiceImpl')}
  0x0000021049c04d08: 0749 ba78 | ca50 6010 | 0200 004c | 8954 2408 | 48c7 0424 | ffff ffff 

  0x0000021049c04d20: ;   {runtime_call counter_overflow Runtime1 stub}
  0x0000021049c04d20: e8db f904 

  0x0000021049c04d24: ; ImmutableOopMap {rdx=Oop [160]=Oop [168]=Oop [184]=Oop [208]=Oop [304]=Oop [320]=Oop }
                      ;*synchronization entry
                      ; - org.eclipse.osgi.internal.log.ExtendedLogServiceImpl::getLogger@-1 (line 1)
                      ; - org.eclipse.osgi.internal.debug.Debug::trace@11 (line 265)
                      ; - org.eclipse.osgi.internal.loader.BundleLoader::findClass0@309 (line 519)
  0x0000021049c04d24: 07e9 b9e7 

  0x0000021049c04d28: ;   {metadata({method} {0x000002106050a308} 'getLogger' '(Ljava/lang/String;)Lorg/eclipse/equinox/log/Logger;' in 'org/eclipse/osgi/internal/log/ExtendedLogServiceImpl')}
  0x0000021049c04d28: ffff 49ba | 00a3 5060 | 1002 0000 | 4c89 5424 | 0848 c704 | 24ff ffff 

  0x0000021049c04d40: ;   {runtime_call counter_overflow Runtime1 stub}
  0x0000021049c04d40: ffe8 baf9 

  0x0000021049c04d44: ; ImmutableOopMap {rdx=Oop [160]=Oop [168]=Oop [184]=Oop [208]=Oop [304]=Oop [320]=Oop }
                      ;*synchronization entry
                      ; - org.eclipse.osgi.internal.log.ExtendedLogServiceImpl::getLogger@-1 (line 73)
                      ; - org.eclipse.osgi.internal.log.ExtendedLogServiceImpl::getLogger@2 (line 1)
                      ; - org.eclipse.osgi.internal.debug.Debug::trace@11 (line 265)
                      ; - org.eclipse.osgi.internal.loader.BundleLoader::findClass0@309 (line 519)
  0x0000021049c04d44: 0407 e9ea | e7ff ff48 

  0x0000021049c04d4c: ;   {runtime_call throw_class_cast_exception Runtime1 stub}
  0x0000021049c04d4c: 8904 24e8 

  0x0000021049c04d50: ; ImmutableOopMap {[160]=Oop [168]=Oop [184]=Oop [208]=Oop [304]=Oop [320]=Oop }
                      ;*checkcast {reexecute=0 rethrow=0 return_oop=0}
                      ; - org.eclipse.osgi.internal.log.ExtendedLogServiceImpl::getLogger@7 (line 73)
                      ; - org.eclipse.osgi.internal.log.ExtendedLogServiceImpl::getLogger@2 (line 1)
                      ; - org.eclipse.osgi.internal.debug.Debug::trace@11 (line 265)
                      ; - org.eclipse.osgi.internal.loader.BundleLoader::findClass0@309 (line 519)
  0x0000021049c04d50: acc9 0407 

  0x0000021049c04d54: ;   {runtime_call throw_null_pointer_exception Runtime1 stub}
  0x0000021049c04d54: e8a7 9604 

  0x0000021049c04d58: ; ImmutableOopMap {rdx=Oop [160]=Oop [168]=Oop [184]=Oop [208]=Oop [304]=Oop [320]=Oop }
                      ;*invokeinterface debug {reexecute=0 rethrow=0 return_oop=0}
                      ; - org.eclipse.osgi.internal.debug.Debug::trace@17 (line 265)
                      ; - org.eclipse.osgi.internal.loader.BundleLoader::findClass0@309 (line 519)
                      ;   {runtime_call throw_null_pointer_exception Runtime1 stub}
  0x0000021049c04d58: 07e8 a296 

  0x0000021049c04d5c: ; ImmutableOopMap {rax=Oop rdx=Oop [160]=Oop [168]=Oop [184]=Oop [208]=Oop [304]=Oop }
                      ;*invokevirtual println {reexecute=0 rethrow=0 return_oop=0}
                      ; - org.eclipse.osgi.internal.debug.Debug::trace@29 (line 267)
                      ; - org.eclipse.osgi.internal.loader.BundleLoader::findClass0@309 (line 519)
                      ;   {runtime_call throw_null_pointer_exception Runtime1 stub}
  0x0000021049c04d5c: 0407 e89d 

  0x0000021049c04d60: ; ImmutableOopMap {rax=Oop [160]=Oop [168]=Oop [184]=Oop [208]=Oop [304]=Oop }
                      ;*invokevirtual loadClass {reexecute=0 rethrow=0 return_oop=0}
                      ; - org.eclipse.osgi.internal.loader.BundleLoader::findClass0@315 (line 523)
  0x0000021049c04d60: 9604 0748 

  0x0000021049c04d64: ;   {runtime_call throw_class_cast_exception Runtime1 stub}
  0x0000021049c04d64: 8904 24e8 

  0x0000021049c04d68: ; ImmutableOopMap {[160]=Oop [168]=Oop [208]=Oop [328]=Oop }
                      ;*checkcast {reexecute=0 rethrow=0 return_oop=0}
                      ; - org.eclipse.osgi.internal.loader.BundleLoader::findClass0@394 (line 544)
  0x0000021049c04d68: 94c9 0407 

  0x0000021049c04d6c: ;   {runtime_call throw_null_pointer_exception Runtime1 stub}
  0x0000021049c04d6c: e88f 9604 

  0x0000021049c04d70: ; ImmutableOopMap {rax=Oop [160]=Oop [168]=Oop [208]=Oop }
                      ;*invokevirtual loadClass {reexecute=0 rethrow=0 return_oop=0}
                      ; - org.eclipse.osgi.internal.loader.BundleLoader::findClass0@361 (line 535)
                      ;   {internal_word}
  0x0000021049c04d70: 0749 babb | 3cc0 4910 | 0200 004d | 8997 6804 

  0x0000021049c04d80: ;   {runtime_call SafepointBlob}
  0x0000021049c04d80: 0000 e979 

  0x0000021049c04d84: ;   {runtime_call throw_null_pointer_exception Runtime1 stub}
  0x0000021049c04d84: fdf9 06e8 

  0x0000021049c04d88: ; ImmutableOopMap {rdi=Oop [160]=Oop [168]=Oop [208]=Oop }
                      ;*invokevirtual doBuddyClassLoading {reexecute=0 rethrow=0 return_oop=0}
                      ; - org.eclipse.osgi.internal.loader.BundleLoader::findClass0@421 (line 550)
  0x0000021049c04d88: 7496 0407 

  0x0000021049c04d8c: ;   {runtime_call throw_null_pointer_exception Runtime1 stub}
  0x0000021049c04d8c: e86f 9604 

  0x0000021049c04d90: ; ImmutableOopMap {rdx=Oop rsi=Oop [160]=Oop [168]=Oop [208]=Oop }
                      ;*invokevirtual getConfiguration {reexecute=0 rethrow=0 return_oop=0}
                      ; - org.eclipse.osgi.internal.loader.BundleLoader::findClass0@454 (line 556)
                      ;   {runtime_call throw_null_pointer_exception Runtime1 stub}
  0x0000021049c04d90: 07e8 6a96 

  0x0000021049c04d94: ; ImmutableOopMap {rdx=Oop [160]=Oop [168]=Oop [208]=Oop }
                      ;*getfield compatibilityBootDelegation {reexecute=1 rethrow=0 return_oop=0}
                      ; - (reexecute) org.eclipse.osgi.internal.loader.BundleLoader::findClass0@457 (line 556)
                      ;   {runtime_call throw_null_pointer_exception Runtime1 stub}
  0x0000021049c04d94: 0407 e865 

  0x0000021049c04d98: ; ImmutableOopMap {rdx=Oop rsi=Oop [160]=Oop [168]=Oop [208]=Oop }
                      ;*invokevirtual loadClass {reexecute=0 rethrow=0 return_oop=0}
                      ; - org.eclipse.osgi.internal.loader.BundleLoader::findClass0@475 (line 559)
                      ;   {metadata({method} {0x00000210000143f0} 'loadClass' '(Ljava/lang/String;)Ljava/lang/Class;' in 'java/lang/ClassLoader')}
  0x0000021049c04d98: 9604 0749 | bae8 4301 | 0010 0200 | 004c 8954 | 2408 48c7 | 0424 ffff 

  0x0000021049c04db0: ;   {runtime_call counter_overflow Runtime1 stub}
  0x0000021049c04db0: ffff e849 

  0x0000021049c04db4: ; ImmutableOopMap {rdx=Oop rsi=Oop [160]=Oop [168]=Oop [208]=Oop }
                      ;*synchronization entry
                      ; - java.lang.ClassLoader::loadClass@-1
                      ; - org.eclipse.osgi.internal.loader.BundleLoader::findClass0@475 (line 559)
  0x0000021049c04db4: f904 07e9 | c5f2 ffff 

  0x0000021049c04dbc: ;   {internal_word}
  0x0000021049c04dbc: 49ba 4c41 | c049 1002 | 0000 4d89 | 9768 0400 

  0x0000021049c04dcc: ;   {runtime_call SafepointBlob}
  0x0000021049c04dcc: 00e9 2efd 

  0x0000021049c04dd0: ;   {internal_word}
  0x0000021049c04dd0: f906 49ba | 6541 c049 | 1002 0000 | 4d89 9768 

  0x0000021049c04de0: ;   {runtime_call SafepointBlob}
  0x0000021049c04de0: 0400 00e9 | 18fd f906 

  0x0000021049c04de8: ;   {internal_word}
  0x0000021049c04de8: 49ba 7b41 | c049 1002 | 0000 4d89 | 9768 0400 

  0x0000021049c04df8: ;   {runtime_call SafepointBlob}
  0x0000021049c04df8: 00e9 02fd 

  0x0000021049c04dfc: ;   {internal_word}
  0x0000021049c04dfc: f906 49ba | dc41 c049 | 1002 0000 | 4d89 9768 

  0x0000021049c04e0c: ;   {runtime_call SafepointBlob}
  0x0000021049c04e0c: 0400 00e9 | ecfc f906 

  0x0000021049c04e14: ;   {internal_word}
  0x0000021049c04e14: 49ba f541 | c049 1002 | 0000 4d89 | 9768 0400 

  0x0000021049c04e24: ;   {runtime_call SafepointBlob}
  0x0000021049c04e24: 00e9 d6fc 

  0x0000021049c04e28: ;   {internal_word}
  0x0000021049c04e28: f906 49ba | 0b42 c049 | 1002 0000 | 4d89 9768 

  0x0000021049c04e38: ;   {runtime_call SafepointBlob}
  0x0000021049c04e38: 0400 00e9 | c0fc f906 

  0x0000021049c04e40: ;   {internal_word}
  0x0000021049c04e40: 49ba 6c42 | c049 1002 | 0000 4d89 | 9768 0400 

  0x0000021049c04e50: ;   {runtime_call SafepointBlob}
  0x0000021049c04e50: 00e9 aafc 

  0x0000021049c04e54: ;   {internal_word}
  0x0000021049c04e54: f906 49ba | 8242 c049 | 1002 0000 | 4d89 9768 

  0x0000021049c04e64: ;   {runtime_call SafepointBlob}
  0x0000021049c04e64: 0400 00e9 | 94fc f906 

  0x0000021049c04e6c: ;   {internal_word}
  0x0000021049c04e6c: 49ba 9842 | c049 1002 | 0000 4d89 | 9768 0400 

  0x0000021049c04e7c: ;   {runtime_call SafepointBlob}
  0x0000021049c04e7c: 00e9 7efc 

  0x0000021049c04e80: ;   {runtime_call throw_null_pointer_exception Runtime1 stub}
  0x0000021049c04e80: f906 e879 

  0x0000021049c04e84: ; ImmutableOopMap {rdx=Oop [160]=Oop }
                      ;*invokevirtual loadClass {reexecute=0 rethrow=0 return_oop=0}
                      ; - org.eclipse.osgi.internal.loader.BundleLoader::findClass0@25 (line 470)
                      ;   {metadata({method} {0x00000210000143f0} 'loadClass' '(Ljava/lang/String;)Ljava/lang/Class;' in 'java/lang/ClassLoader')}
  0x0000021049c04e84: 9504 0749 | bae8 4301 | 0010 0200 | 004c 8954 | 2408 48c7 | 0424 ffff 

  0x0000021049c04e9c: ;   {runtime_call counter_overflow Runtime1 stub}
  0x0000021049c04e9c: ffff e85d 

  0x0000021049c04ea0: ; ImmutableOopMap {rdx=Oop [160]=Oop }
                      ;*synchronization entry
                      ; - java.lang.ClassLoader::loadClass@-1
                      ; - org.eclipse.osgi.internal.loader.BundleLoader::findClass0@25 (line 470)
  0x0000021049c04ea0: f804 07e9 | ccf4 ffff 

  0x0000021049c04ea8: ;   {internal_word}
  0x0000021049c04ea8: 49ba 3c44 | c049 1002 | 0000 4d89 | 9768 0400 

  0x0000021049c04eb8: ;   {runtime_call SafepointBlob}
  0x0000021049c04eb8: 00e9 42fc 

  0x0000021049c04ebc: ;   {internal_word}
  0x0000021049c04ebc: f906 49ba | b444 c049 | 1002 0000 | 4d89 9768 

  0x0000021049c04ecc: ;   {runtime_call SafepointBlob}
  0x0000021049c04ecc: 0400 00e9 | 2cfc f906 | 488d 8424 | 5001 0000 | 4889 0424 

  0x0000021049c04ee0: ;   {runtime_call monitorexit_nofpu Runtime1 stub}
  0x0000021049c04ee0: e81b da04 | 07e9 20f6 | ffff 488d | 8424 5001 | 0000 4889 

  0x0000021049c04ef4: ;   {runtime_call monitorexit_nofpu Runtime1 stub}
  0x0000021049c04ef4: 0424 e805 | da04 07e9 | 5af6 ffff | 498b 8700 | 0500 0049 | c787 0005 | 0000 0000 | 0000 49c7 
  0x0000021049c04f14: 8708 0500 | 0000 0000 | 0048 81c4 | 7001 0000 

  0x0000021049c04f24: ;   {runtime_call unwind_exception Runtime1 stub}
  0x0000021049c04f24: 5de9 d679 | 0407 f4f4 | f4f4 f4f4 
[Stub Code]
  0x0000021049c04f30: ;   {no_reloc}
  0x0000021049c04f30: 0f1f 4400 

  0x0000021049c04f34: ;   {static_stub}
  0x0000021049c04f34: 0048 bb00 | 0000 0000 

  0x0000021049c04f3c: ;   {runtime_call nmethod}
  0x0000021049c04f3c: 0000 00e9 | fbff ffff 

  0x0000021049c04f44: ;   {static_stub}
  0x0000021049c04f44: 9048 bb00 | 0000 0000 

  0x0000021049c04f4c: ;   {runtime_call nmethod}
  0x0000021049c04f4c: 0000 00e9 | fbff ffff 

  0x0000021049c04f54: ;   {static_stub}
  0x0000021049c04f54: 9048 bb00 | 0000 0000 

  0x0000021049c04f5c: ;   {runtime_call nmethod}
  0x0000021049c04f5c: 0000 00e9 | fbff ffff 

  0x0000021049c04f64: ;   {static_stub}
  0x0000021049c04f64: 9048 bb00 | 0000 0000 

  0x0000021049c04f6c: ;   {runtime_call nmethod}
  0x0000021049c04f6c: 0000 00e9 | fbff ffff 

  0x0000021049c04f74: ;   {static_stub}
  0x0000021049c04f74: 9048 bb00 | 0000 0000 

  0x0000021049c04f7c: ;   {runtime_call nmethod}
  0x0000021049c04f7c: 0000 00e9 | fbff ffff 

  0x0000021049c04f84: ;   {static_stub}
  0x0000021049c04f84: 9048 bb00 | 0000 0000 

  0x0000021049c04f8c: ;   {runtime_call nmethod}
  0x0000021049c04f8c: 0000 00e9 | fbff ffff 

  0x0000021049c04f94: ;   {static_stub}
  0x0000021049c04f94: 9048 bb00 | 0000 0000 

  0x0000021049c04f9c: ;   {runtime_call nmethod}
  0x0000021049c04f9c: 0000 00e9 | fbff ffff 

  0x0000021049c04fa4: ;   {static_stub}
  0x0000021049c04fa4: 9048 bb00 | 0000 0000 

  0x0000021049c04fac: ;   {runtime_call nmethod}
  0x0000021049c04fac: 0000 00e9 | fbff ffff 

  0x0000021049c04fb4: ;   {static_stub}
  0x0000021049c04fb4: 9048 bb00 | 0000 0000 

  0x0000021049c04fbc: ;   {runtime_call nmethod}
  0x0000021049c04fbc: 0000 00e9 | fbff ffff 

  0x0000021049c04fc4: ;   {static_stub}
  0x0000021049c04fc4: 9048 bb20 | 7d4a 6010 

  0x0000021049c04fcc: ;   {runtime_call I2C/C2I adapters}
  0x0000021049c04fcc: 0200 00e9 | 93e7 f906 

  0x0000021049c04fd4: ;   {static_stub}
  0x0000021049c04fd4: 9048 bb00 | 0000 0000 

  0x0000021049c04fdc: ;   {runtime_call nmethod}
  0x0000021049c04fdc: 0000 00e9 | fbff ffff 

  0x0000021049c04fe4: ;   {static_stub}
  0x0000021049c04fe4: 9048 bb00 | 0000 0000 

  0x0000021049c04fec: ;   {runtime_call nmethod}
  0x0000021049c04fec: 0000 00e9 | fbff ffff 

  0x0000021049c04ff4: ;   {static_stub}
  0x0000021049c04ff4: 9048 bb00 | 0000 0000 

  0x0000021049c04ffc: ;   {runtime_call nmethod}
  0x0000021049c04ffc: 0000 00e9 | fbff ffff 

  0x0000021049c05004: ;   {static_stub}
  0x0000021049c05004: 9048 bb00 | 0000 0000 

  0x0000021049c0500c: ;   {runtime_call nmethod}
  0x0000021049c0500c: 0000 00e9 | fbff ffff 

  0x0000021049c05014: ;   {static_stub}
  0x0000021049c05014: 9048 bb00 | 0000 0000 

  0x0000021049c0501c: ;   {runtime_call nmethod}
  0x0000021049c0501c: 0000 00e9 | fbff ffff 

  0x0000021049c05024: ;   {static_stub}
  0x0000021049c05024: 9048 bb00 | 0000 0000 

  0x0000021049c0502c: ;   {runtime_call nmethod}
  0x0000021049c0502c: 0000 00e9 | fbff ffff 

  0x0000021049c05034: ;   {static_stub}
  0x0000021049c05034: 9048 bb00 | 0000 0000 

  0x0000021049c0503c: ;   {runtime_call nmethod}
  0x0000021049c0503c: 0000 00e9 | fbff ffff 

  0x0000021049c05044: ;   {static_stub}
  0x0000021049c05044: 9048 bb00 | 0000 0000 

  0x0000021049c0504c: ;   {runtime_call nmethod}
  0x0000021049c0504c: 0000 00e9 | fbff ffff 

  0x0000021049c05054: ;   {static_stub}
  0x0000021049c05054: 9048 bb00 | 0000 0000 

  0x0000021049c0505c: ;   {runtime_call nmethod}
  0x0000021049c0505c: 0000 00e9 | fbff ffff 

  0x0000021049c05064: ;   {static_stub}
  0x0000021049c05064: 9048 bb00 | 0000 0000 

  0x0000021049c0506c: ;   {runtime_call nmethod}
  0x0000021049c0506c: 0000 00e9 | fbff ffff 

  0x0000021049c05074: ;   {static_stub}
  0x0000021049c05074: 9048 bb00 | 0000 0000 

  0x0000021049c0507c: ;   {runtime_call nmethod}
  0x0000021049c0507c: 0000 00e9 | fbff ffff 

  0x0000021049c05084: ;   {static_stub}
  0x0000021049c05084: 9048 bb00 | 0000 0000 

  0x0000021049c0508c: ;   {runtime_call nmethod}
  0x0000021049c0508c: 0000 00e9 | fbff ffff 

  0x0000021049c05094: ;   {static_stub}
  0x0000021049c05094: 9048 bb00 | 0000 0000 

  0x0000021049c0509c: ;   {runtime_call nmethod}
  0x0000021049c0509c: 0000 00e9 | fbff ffff 

  0x0000021049c050a4: ;   {static_stub}
  0x0000021049c050a4: 9048 bb00 | 0000 0000 

  0x0000021049c050ac: ;   {runtime_call nmethod}
  0x0000021049c050ac: 0000 00e9 | fbff ffff 

  0x0000021049c050b4: ;   {static_stub}
  0x0000021049c050b4: 9048 bb00 | 0000 0000 

  0x0000021049c050bc: ;   {runtime_call nmethod}
  0x0000021049c050bc: 0000 00e9 | fbff ffff 

  0x0000021049c050c4: ;   {static_stub}
  0x0000021049c050c4: 9048 bb00 | 0000 0000 

  0x0000021049c050cc: ;   {runtime_call nmethod}
  0x0000021049c050cc: 0000 00e9 | fbff ffff 

  0x0000021049c050d4: ;   {static_stub}
  0x0000021049c050d4: 9048 bb00 | 0000 0000 

  0x0000021049c050dc: ;   {runtime_call nmethod}
  0x0000021049c050dc: 0000 00e9 | fbff ffff 

  0x0000021049c050e4: ;   {static_stub}
  0x0000021049c050e4: 9048 bb00 | 0000 0000 

  0x0000021049c050ec: ;   {runtime_call nmethod}
  0x0000021049c050ec: 0000 00e9 | fbff ffff 

  0x0000021049c050f4: ;   {static_stub}
  0x0000021049c050f4: 9048 bb00 | 0000 0000 

  0x0000021049c050fc: ;   {runtime_call nmethod}
  0x0000021049c050fc: 0000 00e9 | fbff ffff 

  0x0000021049c05104: ;   {static_stub}
  0x0000021049c05104: 9048 bb00 | 0000 0000 

  0x0000021049c0510c: ;   {runtime_call nmethod}
  0x0000021049c0510c: 0000 00e9 | fbff ffff 

  0x0000021049c05114: ;   {static_stub}
  0x0000021049c05114: 9048 bb00 | 0000 0000 

  0x0000021049c0511c: ;   {runtime_call nmethod}
  0x0000021049c0511c: 0000 00e9 | fbff ffff 

  0x0000021049c05124: ;   {static_stub}
  0x0000021049c05124: 9048 bb00 | 0000 0000 

  0x0000021049c0512c: ;   {runtime_call nmethod}
  0x0000021049c0512c: 0000 00e9 | fbff ffff 

  0x0000021049c05134: ;   {static_stub}
  0x0000021049c05134: 9048 bb00 | 0000 0000 

  0x0000021049c0513c: ;   {runtime_call nmethod}
  0x0000021049c0513c: 0000 00e9 | fbff ffff 

  0x0000021049c05144: ;   {static_stub}
  0x0000021049c05144: 9048 bb00 | 0000 0000 

  0x0000021049c0514c: ;   {runtime_call nmethod}
  0x0000021049c0514c: 0000 00e9 | fbff ffff 

  0x0000021049c05154: ;   {static_stub}
  0x0000021049c05154: 9048 bb00 | 0000 0000 

  0x0000021049c0515c: ;   {runtime_call nmethod}
  0x0000021049c0515c: 0000 00e9 | fbff ffff 

  0x0000021049c05164: ;   {static_stub}
  0x0000021049c05164: 9048 bb00 | 0000 0000 

  0x0000021049c0516c: ;   {runtime_call nmethod}
  0x0000021049c0516c: 0000 00e9 | fbff ffff 

  0x0000021049c05174: ;   {static_stub}
  0x0000021049c05174: 48bb 0000 | 0000 0000 

  0x0000021049c0517c: ;   {runtime_call nmethod}
  0x0000021049c0517c: 0000 e9fb 

  0x0000021049c05180: ;   {static_stub}
  0x0000021049c05180: ffff ff48 | bb00 0000 | 0000 0000 

  0x0000021049c0518c: ;   {runtime_call nmethod}
  0x0000021049c0518c: 00e9 fbff 

  0x0000021049c05190: ;   {static_stub}
  0x0000021049c05190: ffff 48bb | 10ff 5860 | 1002 0000 

  0x0000021049c0519c: ;   {runtime_call I2C/C2I adapters}
  0x0000021049c0519c: e9ca 5ef9 

  0x0000021049c051a0: ;   {static_stub}
  0x0000021049c051a0: 0648 bb78 | fe58 6010 

  0x0000021049c051a8: ;   {runtime_call I2C/C2I adapters}
  0x0000021049c051a8: 0200 00e9 | b7e5 f906 

  0x0000021049c051b0: ;   {static_stub}
  0x0000021049c051b0: 48bb 0000 | 0000 0000 

  0x0000021049c051b8: ;   {runtime_call nmethod}
  0x0000021049c051b8: 0000 e9fb 

  0x0000021049c051bc: ;   {static_stub}
  0x0000021049c051bc: ffff ff48 | bba8 d058 | 6010 0200 

  0x0000021049c051c8: ;   {runtime_call I2C/C2I adapters}
  0x0000021049c051c8: 00e9 9d43 

  0x0000021049c051cc: ;   {static_stub}
  0x0000021049c051cc: f906 48bb | 60fc 5860 | 1002 0000 

  0x0000021049c051d8: ;   {runtime_call I2C/C2I adapters}
  0x0000021049c051d8: e98a e5f9 

  0x0000021049c051dc: ;   {static_stub}
  0x0000021049c051dc: 0648 bb00 | 0000 0000 

  0x0000021049c051e4: ;   {runtime_call nmethod}
  0x0000021049c051e4: 0000 00e9 | fbff ffff 

  0x0000021049c051ec: ;   {static_stub}
  0x0000021049c051ec: 48bb 0000 | 0000 0000 

  0x0000021049c051f4: ;   {runtime_call nmethod}
  0x0000021049c051f4: 0000 e9fb 

  0x0000021049c051f8: ;   {static_stub}
  0x0000021049c051f8: ffff ff48 | bb00 0000 | 0000 0000 

  0x0000021049c05204: ;   {runtime_call nmethod}
  0x0000021049c05204: 00e9 fbff 

  0x0000021049c05208: ;   {static_stub}
  0x0000021049c05208: ffff 48bb | 0000 0000 | 0000 0000 

  0x0000021049c05214: ;   {runtime_call nmethod}
  0x0000021049c05214: e9fb ffff 

  0x0000021049c05218: ;   {static_stub}
  0x0000021049c05218: ff48 bb00 | 0000 0000 

  0x0000021049c05220: ;   {runtime_call nmethod}
  0x0000021049c05220: 0000 00e9 | fbff ffff 

  0x0000021049c05228: ;   {static_stub}
  0x0000021049c05228: 48bb 0000 | 0000 0000 

  0x0000021049c05230: ;   {runtime_call nmethod}
  0x0000021049c05230: 0000 e9fb 

  0x0000021049c05234: ;   {static_stub}
  0x0000021049c05234: ffff ff48 | bb00 0000 | 0000 0000 

  0x0000021049c05240: ;   {runtime_call nmethod}
  0x0000021049c05240: 00e9 fbff 

  0x0000021049c05244: ;   {runtime_call handle_exception_from_callee Runtime1 stub}
  0x0000021049c05244: ffff e8b5 

  0x0000021049c05248: ;   {external_word}
  0x0000021049c05248: be04 0748 | b940 63e1 | 41fd 7f00 | 0048 83e4 

  0x0000021049c05258: ;   {runtime_call}
  0x0000021049c05258: f048 b8d0 | c4a3 41fd | 7f00 00ff 

  0x0000021049c05264: ;   {section_word}
  0x0000021049c05264: d0f4 49ba | 6652 c049 | 1002 0000 

  0x0000021049c05270: ;   {runtime_call DeoptimizationBlob}
  0x0000021049c05270: 4152 e929 | ebf9 06f4 
[/MachCode]


---------------  P R O C E S S  ---------------

Threads class SMR info:
_java_thread_list=0x0000021064b87c90, length=18, elements={
0x000002104406ce00, 0x000002105cf9f260, 0x000002105cfa18d0, 0x000002105cfa3490,
0x000002105cfa6320, 0x000002105cfa7650, 0x000002105cfaa900, 0x000002105e35ffe0,
0x000002105e364b40, 0x000002105e428db0, 0x000002105e605940, 0x000002105e60a400,
0x0000021064a09bf0, 0x0000021064b17bb0, 0x0000021064ab1380, 0x00000210647a36f0,
0x00000210652da100, 0x00000210652d96d0
}

Java Threads: ( => current thread )
  0x000002104406ce00 JavaThread "main"                              [_thread_blocked, id=20136, stack(0x0000005c9fe00000,0x0000005c9ff00000) (1024K)]
  0x000002105cf9f260 JavaThread "Reference Handler"          daemon [_thread_blocked, id=7204, stack(0x0000005ca0200000,0x0000005ca0300000) (1024K)]
  0x000002105cfa18d0 JavaThread "Finalizer"                  daemon [_thread_blocked, id=24200, stack(0x0000005ca0300000,0x0000005ca0400000) (1024K)]
  0x000002105cfa3490 JavaThread "Signal Dispatcher"          daemon [_thread_blocked, id=43844, stack(0x0000005ca0400000,0x0000005ca0500000) (1024K)]
  0x000002105cfa6320 JavaThread "Attach Listener"            daemon [_thread_blocked, id=37652, stack(0x0000005ca0500000,0x0000005ca0600000) (1024K)]
  0x000002105cfa7650 JavaThread "Service Thread"             daemon [_thread_blocked, id=37308, stack(0x0000005ca0600000,0x0000005ca0700000) (1024K)]
  0x000002105cfaa900 JavaThread "Monitor Deflation Thread"   daemon [_thread_blocked, id=35328, stack(0x0000005ca0700000,0x0000005ca0800000) (1024K)]
  0x000002105e35ffe0 JavaThread "C2 CompilerThread0"         daemon [_thread_blocked, id=39852, stack(0x0000005ca0800000,0x0000005ca0900000) (1024K)]
  0x000002105e364b40 JavaThread "C1 CompilerThread0"         daemon [_thread_blocked, id=43696, stack(0x0000005ca0900000,0x0000005ca0a00000) (1024K)]
  0x000002105e428db0 JavaThread "C1 CompilerThread1"         daemon [_thread_blocked, id=31608, stack(0x0000005ca0a00000,0x0000005ca0b00000) (1024K)]
  0x000002105e605940 JavaThread "Common-Cleaner"             daemon [_thread_blocked, id=21756, stack(0x0000005ca0c00000,0x0000005ca0d00000) (1024K)]
  0x000002105e60a400 JavaThread "Notification Thread"        daemon [_thread_blocked, id=42392, stack(0x0000005ca0f00000,0x0000005ca1000000) (1024K)]
  0x0000021064a09bf0 JavaThread "Active Thread: Equinox Container: 560e832d-88ac-4a3d-876f-47bc617b78dc"        [_thread_blocked, id=25260, stack(0x0000005ca1900000,0x0000005ca1a00000) (1024K)]
  0x0000021064b17bb0 JavaThread "Refresh Thread: Equinox Container: 560e832d-88ac-4a3d-876f-47bc617b78dc" daemon [_thread_blocked, id=37236, stack(0x0000005ca1b00000,0x0000005ca1c00000) (1024K)]
  0x0000021064ab1380 JavaThread "Framework Event Dispatcher: Equinox Container: 560e832d-88ac-4a3d-876f-47bc617b78dc" daemon [_thread_blocked, id=34204, stack(0x0000005ca1c00000,0x0000005ca1d00000) (1024K)]
=>0x00000210647a36f0 JavaThread "Start Level: Equinox Container: 560e832d-88ac-4a3d-876f-47bc617b78dc" daemon [_thread_in_vm, id=19592, stack(0x0000005ca1d00000,0x0000005ca1e00000) (1024K)]
  0x00000210652da100 JavaThread "Bundle File Closer"         daemon [_thread_blocked, id=36072, stack(0x0000005ca2000000,0x0000005ca2100000) (1024K)]
  0x00000210652d96d0 JavaThread "SCR Component Actor"        daemon [_thread_blocked, id=44296, stack(0x0000005ca0b00000,0x0000005ca0c00000) (1024K)]
Total: 18

Other Threads:
  0x000002105e354ba0 VMThread "VM Thread"                           [id=36892, stack(0x0000005ca0100000,0x0000005ca0200000) (1024K)]
  0x000002105ce8ba00 WatcherThread "VM Periodic Task Thread"        [id=24356, stack(0x0000005ca0000000,0x0000005ca0100000) (1024K)]
  0x0000021046525f00 WorkerThread "GC Thread#0"                     [id=13280, stack(0x0000005c9ff00000,0x0000005ca0000000) (1024K)]
  0x00000210646e9fb0 WorkerThread "GC Thread#1"                     [id=17992, stack(0x0000005ca1100000,0x0000005ca1200000) (1024K)]
  0x00000210646ea360 WorkerThread "GC Thread#2"                     [id=28488, stack(0x0000005ca1200000,0x0000005ca1300000) (1024K)]
  0x00000210649d4010 WorkerThread "GC Thread#3"                     [id=17368, stack(0x0000005ca1300000,0x0000005ca1400000) (1024K)]
  0x00000210649d43c0 WorkerThread "GC Thread#4"                     [id=4360, stack(0x0000005ca1400000,0x0000005ca1500000) (1024K)]
  0x00000210649d4770 WorkerThread "GC Thread#5"                     [id=19820, stack(0x0000005ca1500000,0x0000005ca1600000) (1024K)]
  0x000002106437c170 WorkerThread "GC Thread#6"                     [id=7220, stack(0x0000005ca1600000,0x0000005ca1700000) (1024K)]
  0x0000021064a89320 WorkerThread "GC Thread#7"                     [id=44800, stack(0x0000005ca1a00000,0x0000005ca1b00000) (1024K)]
  0x00000210640fca90 WorkerThread "GC Thread#8"                     [id=35468, stack(0x0000005ca1800000,0x0000005ca1900000) (1024K)]
  0x00000210646e53a0 WorkerThread "GC Thread#9"                     [id=38808, stack(0x0000005ca1e00000,0x0000005ca1f00000) (1024K)]
  0x0000021064a740e0 WorkerThread "GC Thread#10"                    [id=37768, stack(0x0000005ca1f00000,0x0000005ca2000000) (1024K)]
Total: 13

Threads with active compile tasks:
Total: 0

VM state: not at safepoint (normal execution)

VM Mutex/Monitor currently owned by a thread:  ([mutex/lock_event])
[0x00007ffd420cd4f0] Metaspace_lock - owner thread: 0x00000210647a36f0

Heap address: 0x0000000080000000, size: 2048 MB, Compressed Oops mode: 32-bit

CDS archive(s) mapped at: [0x0000021000000000-0x0000021000ba0000-0x0000021000ba0000), size 12189696, SharedBaseAddress: 0x0000021000000000, ArchiveRelocationMode: 1.
Compressed class space mapped at: 0x0000021001000000-0x0000021041000000, reserved size: 1073741824
Narrow klass base: 0x0000021000000000, Narrow klass shift: 0, Narrow klass range: 0x100000000

GC Precious Log:
 CardTable entry size: 512
 CPUs: 16 total, 16 available
 Memory: 15628M
 Large Page Support: Disabled
 NUMA Support: Disabled
 Compressed Oops: Enabled (32-bit)
 Alignments: Space 512K, Generation 512K, Heap 2M
 Heap Min Capacity: 100M
 Heap Initial Capacity: 100M
 Heap Max Capacity: 2G
 Pre-touch: Disabled
 Parallel Workers: 13

Heap:
 PSYoungGen      total 29696K, used 5719K [0x00000000d5580000, 0x00000000d7680000, 0x0000000100000000)
  eden space 25600K, 6% used [0x00000000d5580000,0x00000000d571a0f8,0x00000000d6e80000)
  from space 4096K, 99% used [0x00000000d7280000,0x00000000d767bc78,0x00000000d7680000)
  to   space 4096K, 0% used [0x00000000d6e80000,0x00000000d6e80000,0x00000000d7280000)
 ParOldGen       total 68608K, used 6750K [0x0000000080000000, 0x0000000084300000, 0x00000000d5580000)
  object space 68608K, 9% used [0x0000000080000000,0x0000000080697a40,0x0000000084300000)
 Metaspace       used 11462K, committed 11776K, reserved 1114112K
  class space    used 1203K, committed 1344K, reserved 1048576K

Card table byte_map: [0x0000021045ea0000,0x00000210462b0000] _byte_map_base: 0x0000021045aa0000

Marking Bits: (ParMarkBitMap*) 0x00007ffd420d4460
 Begin Bits: [0x00000210589b0000, 0x000002105a9b0000)
 End Bits:   [0x000002105a9b0000, 0x000002105c9b0000)

Polling page: 0x00000210443a0000

Metaspace:

Usage:
  Non-class:     10.02 MB used.
      Class:      1.18 MB used.
       Both:     11.19 MB used.

Virtual space:
  Non-class space:       64.00 MB reserved,      10.19 MB ( 16%) committed,  1 nodes.
      Class space:        1.00 GB reserved,       1.31 MB ( <1%) committed,  1 nodes.
             Both:        1.06 GB reserved,      11.50 MB (  1%) committed. 

Chunk freelists:
   Non-Class:  5.73 MB
       Class:  14.69 MB
        Both:  20.42 MB

MaxMetaspaceSize: unlimited
CompressedClassSpaceSize: 1.00 GB
Initial GC threshold: 21.00 MB
Current GC threshold: 21.00 MB
CDS: on
 - commit_granule_bytes: 65536.
 - commit_granule_words: 8192.
 - virtual_space_node_default_size: 8388608.
 - enlarge_chunks_in_place: 1.
 - use_allocation_guard: 0.


Internal statistics:

num_allocs_failed_limit: 0.
num_arena_births: 266.
num_arena_deaths: 0.
num_vsnodes_births: 2.
num_vsnodes_deaths: 0.
num_space_committed: 184.
num_space_uncommitted: 0.
num_chunks_returned_to_freelist: 0.
num_chunks_taken_from_freelist: 569.
num_chunk_merges: 0.
num_chunk_splits: 364.
num_chunks_enlarged: 248.
num_inconsistent_stats: 0.

CodeHeap 'non-profiled nmethods': size=119168Kb used=1168Kb max_used=1168Kb free=117999Kb
 bounds [0x00000210512a0000, 0x0000021051510000, 0x0000021058700000]
CodeHeap 'profiled nmethods': size=119104Kb used=5256Kb max_used=5256Kb free=113847Kb
 bounds [0x0000021049700000, 0x0000021049c30000, 0x0000021050b50000]
CodeHeap 'non-nmethods': size=7488Kb used=1797Kb max_used=2987Kb free=5690Kb
 bounds [0x0000021050b50000, 0x0000021050e40000, 0x00000210512a0000]
CodeCache: size=245760Kb, used=8221Kb, max_used=9411Kb, free=237536Kb
 total_blobs=3142, nmethods=2642, adapters=405, full_count=0
Compilation: enabled, stopped_count=0, restarted_count=0

Compilation events (20 events):
Event: 3.801 Thread 0x000002105e364b40 nmethod 2633 0x0000021049c1cc90 code [0x0000021049c1ce20, 0x0000021049c1cf28]
Event: 3.802 Thread 0x000002105e35ffe0 nmethod 2634 0x00000210513c3910 code [0x00000210513c3aa0, 0x00000210513c3b48]
Event: 3.802 Thread 0x000002105e35ffe0 2635       4       java.lang.ref.Reference::refersTo (6 bytes)
Event: 3.803 Thread 0x000002105e35ffe0 nmethod 2635 0x00000210513c3c10 code [0x00000210513c3da0, 0x00000210513c3e50]
Event: 3.803 Thread 0x000002105e35ffe0 2636       4       java.lang.ref.Reference::refersToImpl (6 bytes)
Event: 3.803 Thread 0x000002105e35ffe0 nmethod 2636 0x00000210513c3f10 code [0x00000210513c40a0, 0x00000210513c4138]
Event: 3.804 Thread 0x000002105e428db0 2637       3       java.lang.ThreadLocal$ThreadLocalMap::nextIndex (15 bytes)
Event: 3.805 Thread 0x000002105e428db0 nmethod 2637 0x0000021049c1d010 code [0x0000021049c1d1a0, 0x0000021049c1d2d8]
Event: 3.807 Thread 0x000002105e428db0 2638       3       org.eclipse.osgi.internal.weaving.WovenClassImpl::skipRegistration (134 bytes)
Event: 3.807 Thread 0x000002105e364b40 2639   !   3       java.util.Collections$SynchronizedMap::containsKey (25 bytes)
Event: 3.807 Thread 0x000002105e364b40 nmethod 2639 0x0000021049c1d390 code [0x0000021049c1d540, 0x0000021049c1d810]
Event: 3.807 Thread 0x000002105e364b40 2640   !   3       org.eclipse.osgi.internal.weaving.WovenClassImpl::notifyWovenClassListeners (54 bytes)
Event: 3.808 Thread 0x000002105e364b40 nmethod 2640 0x0000021049c1d990 code [0x0000021049c1dbc0, 0x0000021049c1e278]
Event: 3.808 Thread 0x000002105e364b40 2641       3       org.eclipse.osgi.internal.weaving.WovenClassImpl$$Lambda/0x0000021001126c90::<init> (10 bytes)
Event: 3.808 Thread 0x000002105e428db0 nmethod 2638 0x0000021049c1e510 code [0x0000021049c1e820, 0x0000021049c1fa28]
Event: 3.808 Thread 0x000002105e364b40 nmethod 2641 0x0000021049c20010 code [0x0000021049c201c0, 0x0000021049c20348]
Event: 3.808 Thread 0x000002105e364b40 2642       3       org.eclipse.osgi.internal.loader.ModuleClassLoader::getClassLoadingLock (9 bytes)
Event: 3.808 Thread 0x000002105e428db0 2643       3       org.eclipse.osgi.internal.container.KeyBasedLockStore::getLock (105 bytes)
Event: 3.808 Thread 0x000002105e364b40 nmethod 2642 0x0000021049c20410 code [0x0000021049c205c0, 0x0000021049c20700]
Event: 3.809 Thread 0x000002105e428db0 nmethod 2643 0x0000021049c20810 code [0x0000021049c20ae0, 0x0000021049c21b08]

GC Heap History (8 events):
Event: 0.578 GC heap before
{Heap before GC invocations=1 (full 0):
 PSYoungGen      total 29696K, used 25600K [0x00000000d5580000, 0x00000000d7680000, 0x0000000100000000)
  eden space 25600K, 100% used [0x00000000d5580000,0x00000000d6e80000,0x00000000d6e80000)
  from space 4096K, 0% used [0x00000000d7280000,0x00000000d7280000,0x00000000d7680000)
  to   space 4096K, 0% used [0x00000000d6e80000,0x00000000d6e80000,0x00000000d7280000)
 ParOldGen       total 68608K, used 0K [0x0000000080000000, 0x0000000084300000, 0x00000000d5580000)
  object space 68608K, 0% used [0x0000000080000000,0x0000000080000000,0x0000000084300000)
 Metaspace       used 4169K, committed 4416K, reserved 1114112K
  class space    used 454K, committed 576K, reserved 1048576K
}
Event: 0.592 GC heap after
{Heap after GC invocations=1 (full 0):
 PSYoungGen      total 29696K, used 3675K [0x00000000d5580000, 0x00000000d7680000, 0x0000000100000000)
  eden space 25600K, 0% used [0x00000000d5580000,0x00000000d5580000,0x00000000d6e80000)
  from space 4096K, 89% used [0x00000000d6e80000,0x00000000d7216fe0,0x00000000d7280000)
  to   space 4096K, 0% used [0x00000000d7280000,0x00000000d7280000,0x00000000d7680000)
 ParOldGen       total 68608K, used 16K [0x0000000080000000, 0x0000000084300000, 0x00000000d5580000)
  object space 68608K, 0% used [0x0000000080000000,0x0000000080004000,0x0000000084300000)
 Metaspace       used 4169K, committed 4416K, reserved 1114112K
  class space    used 454K, committed 576K, reserved 1048576K
}
Event: 1.190 GC heap before
{Heap before GC invocations=2 (full 0):
 PSYoungGen      total 29696K, used 29275K [0x00000000d5580000, 0x00000000d7680000, 0x0000000100000000)
  eden space 25600K, 100% used [0x00000000d5580000,0x00000000d6e80000,0x00000000d6e80000)
  from space 4096K, 89% used [0x00000000d6e80000,0x00000000d7216fe0,0x00000000d7280000)
  to   space 4096K, 0% used [0x00000000d7280000,0x00000000d7280000,0x00000000d7680000)
 ParOldGen       total 68608K, used 16K [0x0000000080000000, 0x0000000084300000, 0x00000000d5580000)
  object space 68608K, 0% used [0x0000000080000000,0x0000000080004000,0x0000000084300000)
 Metaspace       used 7789K, committed 8064K, reserved 1114112K
  class space    used 806K, committed 896K, reserved 1048576K
}
Event: 1.196 GC heap after
{Heap after GC invocations=2 (full 0):
 PSYoungGen      total 29696K, used 4087K [0x00000000d5580000, 0x00000000d7680000, 0x0000000100000000)
  eden space 25600K, 0% used [0x00000000d5580000,0x00000000d5580000,0x00000000d6e80000)
  from space 4096K, 99% used [0x00000000d7280000,0x00000000d767de88,0x00000000d7680000)
  to   space 4096K, 0% used [0x00000000d6e80000,0x00000000d6e80000,0x00000000d7280000)
 ParOldGen       total 68608K, used 2010K [0x0000000080000000, 0x0000000084300000, 0x00000000d5580000)
  object space 68608K, 2% used [0x0000000080000000,0x00000000801f6950,0x0000000084300000)
 Metaspace       used 7789K, committed 8064K, reserved 1114112K
  class space    used 806K, committed 896K, reserved 1048576K
}
Event: 1.547 GC heap before
{Heap before GC invocations=3 (full 0):
 PSYoungGen      total 29696K, used 29687K [0x00000000d5580000, 0x00000000d7680000, 0x0000000100000000)
  eden space 25600K, 100% used [0x00000000d5580000,0x00000000d6e80000,0x00000000d6e80000)
  from space 4096K, 99% used [0x00000000d7280000,0x00000000d767de88,0x00000000d7680000)
  to   space 4096K, 0% used [0x00000000d6e80000,0x00000000d6e80000,0x00000000d7280000)
 ParOldGen       total 68608K, used 2010K [0x0000000080000000, 0x0000000084300000, 0x00000000d5580000)
  object space 68608K, 2% used [0x0000000080000000,0x00000000801f6950,0x0000000084300000)
 Metaspace       used 9482K, committed 9792K, reserved 1114112K
  class space    used 1007K, committed 1152K, reserved 1048576K
}
Event: 1.552 GC heap after
{Heap after GC invocations=3 (full 0):
 PSYoungGen      total 29696K, used 4085K [0x00000000d5580000, 0x00000000d7680000, 0x0000000100000000)
  eden space 25600K, 0% used [0x00000000d5580000,0x00000000d5580000,0x00000000d6e80000)
  from space 4096K, 99% used [0x00000000d6e80000,0x00000000d727d690,0x00000000d7280000)
  to   space 4096K, 0% used [0x00000000d7280000,0x00000000d7280000,0x00000000d7680000)
 ParOldGen       total 68608K, used 4218K [0x0000000080000000, 0x0000000084300000, 0x00000000d5580000)
  object space 68608K, 6% used [0x0000000080000000,0x000000008041e848,0x0000000084300000)
 Metaspace       used 9482K, committed 9792K, reserved 1114112K
  class space    used 1007K, committed 1152K, reserved 1048576K
}
Event: 3.791 GC heap before
{Heap before GC invocations=4 (full 0):
 PSYoungGen      total 29696K, used 29654K [0x00000000d5580000, 0x00000000d7680000, 0x0000000100000000)
  eden space 25600K, 99% used [0x00000000d5580000,0x00000000d6e78228,0x00000000d6e80000)
  from space 4096K, 99% used [0x00000000d6e80000,0x00000000d727d690,0x00000000d7280000)
  to   space 4096K, 0% used [0x00000000d7280000,0x00000000d7280000,0x00000000d7680000)
 ParOldGen       total 68608K, used 4218K [0x0000000080000000, 0x0000000084300000, 0x00000000d5580000)
  object space 68608K, 6% used [0x0000000080000000,0x000000008041e848,0x0000000084300000)
 Metaspace       used 11255K, committed 11648K, reserved 1114112K
  class space    used 1182K, committed 1344K, reserved 1048576K
}
Event: 3.795 GC heap after
{Heap after GC invocations=4 (full 0):
 PSYoungGen      total 29696K, used 4079K [0x00000000d5580000, 0x00000000d7680000, 0x0000000100000000)
  eden space 25600K, 0% used [0x00000000d5580000,0x00000000d5580000,0x00000000d6e80000)
  from space 4096K, 99% used [0x00000000d7280000,0x00000000d767bc78,0x00000000d7680000)
  to   space 4096K, 0% used [0x00000000d6e80000,0x00000000d6e80000,0x00000000d7280000)
 ParOldGen       total 68608K, used 6750K [0x0000000080000000, 0x0000000084300000, 0x00000000d5580000)
  object space 68608K, 9% used [0x0000000080000000,0x0000000080697a40,0x0000000084300000)
 Metaspace       used 11255K, committed 11648K, reserved 1114112K
  class space    used 1182K, committed 1344K, reserved 1048576K
}

Dll operation events (9 events):
Event: 0.010 Loaded shared library c:\Users\dhana\.vscode\extensions\redhat.java-1.55.0-win32-x64\jre\21.0.11-win32-x86_64\bin\java.dll
Event: 0.065 Loaded shared library c:\Users\dhana\.vscode\extensions\redhat.java-1.55.0-win32-x64\jre\21.0.11-win32-x86_64\bin\zip.dll
Event: 0.080 Loaded shared library C:\Users\dhana\.vscode\extensions\redhat.java-1.55.0-win32-x64\jre\21.0.11-win32-x86_64\bin\instrument.dll
Event: 0.085 Loaded shared library C:\Users\dhana\.vscode\extensions\redhat.java-1.55.0-win32-x64\jre\21.0.11-win32-x86_64\bin\net.dll
Event: 0.087 Loaded shared library C:\Users\dhana\.vscode\extensions\redhat.java-1.55.0-win32-x64\jre\21.0.11-win32-x86_64\bin\nio.dll
Event: 0.092 Loaded shared library C:\Users\dhana\.vscode\extensions\redhat.java-1.55.0-win32-x64\jre\21.0.11-win32-x86_64\bin\zip.dll
Event: 0.107 Loaded shared library C:\Users\dhana\.vscode\extensions\redhat.java-1.55.0-win32-x64\jre\21.0.11-win32-x86_64\bin\jimage.dll
Event: 0.181 Loaded shared library c:\Users\dhana\.vscode\extensions\redhat.java-1.55.0-win32-x64\jre\21.0.11-win32-x86_64\bin\verify.dll
Event: 1.294 Loaded shared library C:\Users\dhana\AppData\Roaming\Code\User\globalStorage\redhat.java\1.55.0\config_win\org.eclipse.equinox.launcher\org.eclipse.equinox.launcher.win32.win32.x86_64_1.3.100.v20260613-0559\eclipse_11924.dll

Deoptimization events (20 events):
Event: 1.666 Thread 0x00000210647a36f0 DEOPT PACKING pc=0x00000210512b8120 sp=0x0000005ca1dfd4f0
Event: 1.666 Thread 0x00000210647a36f0 DEOPT UNPACKING pc=0x0000021050ba3aa2 sp=0x0000005ca1dfd478 mode 2
Event: 1.670 Thread 0x00000210647a36f0 DEOPT PACKING pc=0x0000021049b65c49 sp=0x0000005ca1dfd500
Event: 1.670 Thread 0x00000210647a36f0 DEOPT UNPACKING pc=0x0000021050ba4242 sp=0x0000005ca1dfc970 mode 0
Event: 1.675 Thread 0x00000210647a36f0 DEOPT PACKING pc=0x0000021049b65c49 sp=0x0000005ca1dfd500
Event: 1.675 Thread 0x00000210647a36f0 DEOPT UNPACKING pc=0x0000021050ba4242 sp=0x0000005ca1dfc970 mode 0
Event: 1.680 Thread 0x00000210647a36f0 DEOPT PACKING pc=0x0000021049b65c49 sp=0x0000005ca1dfd7c0
Event: 1.680 Thread 0x00000210647a36f0 DEOPT UNPACKING pc=0x0000021050ba4242 sp=0x0000005ca1dfcc30 mode 0
Event: 1.688 Thread 0x00000210647a36f0 DEOPT PACKING pc=0x0000021049b65c49 sp=0x0000005ca1dfd500
Event: 1.688 Thread 0x00000210647a36f0 DEOPT UNPACKING pc=0x0000021050ba4242 sp=0x0000005ca1dfc970 mode 0
Event: 1.694 Thread 0x00000210647a36f0 DEOPT PACKING pc=0x0000021049b65c49 sp=0x0000005ca1dfd500
Event: 1.694 Thread 0x00000210647a36f0 DEOPT UNPACKING pc=0x0000021050ba4242 sp=0x0000005ca1dfc970 mode 0
Event: 1.701 Thread 0x00000210647a36f0 Uncommon trap: trap_request=0xffffff45 fr.pc=0x000002105131164c relative=0x000000000000018c
Event: 1.701 Thread 0x00000210647a36f0 Uncommon trap: reason=unstable_if action=reinterpret pc=0x000002105131164c method=java.lang.String.startsWith(Ljava/lang/String;I)Z @ 50 c2
Event: 1.701 Thread 0x00000210647a36f0 DEOPT PACKING pc=0x000002105131164c sp=0x0000005ca1dfe510
Event: 1.701 Thread 0x00000210647a36f0 DEOPT UNPACKING pc=0x0000021050ba3aa2 sp=0x0000005ca1dfe440 mode 2
Event: 3.707 Thread 0x00000210647a36f0 Uncommon trap: trap_request=0xffffff45 fr.pc=0x00000210513b6934 relative=0x0000000000000614
Event: 3.707 Thread 0x00000210647a36f0 Uncommon trap: reason=unstable_if action=reinterpret pc=0x00000210513b6934 method=org.eclipse.osgi.framework.util.CaseInsensitiveDictionaryMap.findCommonKeyIndex(Ljava/lang/String;)Lorg/eclipse/osgi/framework/util/CaseInsensitiveDictionaryMap$CaseInsensit
Event: 3.707 Thread 0x00000210647a36f0 DEOPT PACKING pc=0x00000210513b6934 sp=0x0000005ca1dfe590
Event: 3.707 Thread 0x00000210647a36f0 DEOPT UNPACKING pc=0x0000021050ba3aa2 sp=0x0000005ca1dfe520 mode 2

Classes loaded (20 events):
Event: 3.781 Loading class com/sun/org/apache/xerces/internal/util/XMLSymbols
Event: 3.781 Loading class com/sun/org/apache/xerces/internal/util/XMLSymbols done
Event: 3.781 Loading class com/sun/org/apache/xerces/internal/parsers/AbstractSAXParser$LocatorProxy
Event: 3.782 Loading class org/xml/sax/ext/Locator2
Event: 3.782 Loading class org/xml/sax/Locator
Event: 3.782 Loading class org/xml/sax/Locator done
Event: 3.782 Loading class org/xml/sax/ext/Locator2 done
Event: 3.782 Loading class com/sun/org/apache/xerces/internal/parsers/AbstractSAXParser$LocatorProxy done
Event: 3.782 Loading class com/sun/org/apache/xerces/internal/impl/XMLScanner$NameType
Event: 3.782 Loading class com/sun/org/apache/xerces/internal/impl/XMLScanner$NameType done
Event: 3.782 Loading class com/sun/org/apache/xerces/internal/impl/Constants
Event: 3.783 Loading class com/sun/org/apache/xerces/internal/impl/Constants done
Event: 3.783 Loading class com/sun/org/apache/xerces/internal/impl/Constants$ArrayEnumeration
Event: 3.783 Loading class com/sun/org/apache/xerces/internal/impl/Constants$ArrayEnumeration done
Event: 3.788 Loading class com/sun/org/apache/xerces/internal/impl/io/MalformedByteSequenceException
Event: 3.788 Loading class java/io/CharConversionException
Event: 3.788 Loading class java/io/CharConversionException done
Event: 3.788 Loading class com/sun/org/apache/xerces/internal/impl/io/MalformedByteSequenceException done
Event: 3.803 Loading class java/util/concurrent/CompletionStage
Event: 3.804 Loading class java/util/concurrent/CompletionStage done

Classes unloaded (0 events):
No events

Classes redefined (0 events):
No events

Internal exceptions (20 events):
Event: 0.655 Thread 0x000002104406ce00 Exception <a 'java/lang/NoSuchMethodError'{0x00000000d58b03f8}: 'void java.lang.invoke.DirectMethodHandle$Holder.invokeStatic(java.lang.Object, java.lang.Object, java.lang.Object, java.lang.Object)'> (0x00000000d58b03f8) 
thrown [s\src\hotspot\share\interpreter\linkResolver.cpp, line 773]
Event: 0.655 Thread 0x000002104406ce00 Implicit null exception at 0x00000210512fca9a to 0x00000210512fcca4
Event: 0.656 Thread 0x000002104406ce00 Implicit null exception at 0x00000210512fd13d to 0x00000210512fd1c1
Event: 0.803 Thread 0x000002104406ce00 Exception <a 'java/lang/NoSuchMethodError'{0x00000000d5c1a330}: 'void java.lang.invoke.DirectMethodHandle$Holder.invokeSpecial(java.lang.Object, java.lang.Object, java.lang.Object)'> (0x00000000d5c1a330) 
thrown [s\src\hotspot\share\interpreter\linkResolver.cpp, line 773]
Event: 1.031 Thread 0x000002104406ce00 Exception <a 'java/lang/NoSuchMethodError'{0x00000000d6698218}: 'int java.lang.invoke.DirectMethodHandle$Holder.invokeVirtual(java.lang.Object, java.lang.Object)'> (0x00000000d6698218) 
thrown [s\src\hotspot\share\interpreter\linkResolver.cpp, line 773]
Event: 1.072 Thread 0x000002104406ce00 Exception <a 'java/lang/NoSuchMethodError'{0x00000000d68204f8}: 'int java.lang.invoke.DirectMethodHandle$Holder.invokeStaticInit(java.lang.Object, java.lang.Object, java.lang.Object, java.lang.Object)'> (0x00000000d68204f8) 
thrown [s\src\hotspot\share\interpreter\linkResolver.cpp, line 773]
Event: 1.073 Thread 0x000002104406ce00 Exception <a 'java/lang/IncompatibleClassChangeError'{0x00000000d6828be0}: Found class java.lang.Object, but interface was expected> (0x00000000d6828be0) 
thrown [s\src\hotspot\share\interpreter\linkResolver.cpp, line 840]
Event: 1.074 Thread 0x000002104406ce00 Exception <a 'java/lang/NoSuchMethodError'{0x00000000d682fa70}: 'void java.lang.invoke.DirectMethodHandle$Holder.invokeStaticInit(java.lang.Object, java.lang.Object)'> (0x00000000d682fa70) 
thrown [s\src\hotspot\share\interpreter\linkResolver.cpp, line 773]
Event: 1.075 Thread 0x000002104406ce00 Exception <a 'java/lang/NoSuchMethodError'{0x00000000d68395a8}: 'int java.lang.invoke.DirectMethodHandle$Holder.invokeStaticInit(java.lang.Object, java.lang.Object)'> (0x00000000d68395a8) 
thrown [s\src\hotspot\share\interpreter\linkResolver.cpp, line 773]
Event: 1.121 Thread 0x000002104406ce00 Exception <a 'java/lang/NoSuchMethodError'{0x00000000d6ab3c80}: 'java.lang.Object java.lang.invoke.DirectMethodHandle$Holder.newInvokeSpecial(java.lang.Object, int, java.lang.Object)'> (0x00000000d6ab3c80) 
thrown [s\src\hotspot\share\interpreter\linkResolver.cpp, line 773]
Event: 1.160 Thread 0x000002104406ce00 Exception <a 'java/lang/ClassNotFoundException'{0x00000000d6cee4f0}: sun/net/www/protocol/plurl/Handler> (0x00000000d6cee4f0) 
thrown [s\src\hotspot\share\classfile\systemDictionary.cpp, line 313]
Event: 1.161 Thread 0x000002104406ce00 Exception <a 'java/lang/ClassNotFoundException'{0x00000000d6cef370}: sun/net/www/protocol/plurl/Handler> (0x00000000d6cef370) 
thrown [s\src\hotspot\share\classfile\systemDictionary.cpp, line 313]
Event: 1.291 Thread 0x000002104406ce00 Exception <a 'java/lang/UnsatisfiedLinkError'{0x00000000d58e9498}: 'void org.eclipse.equinox.launcher.JNIBridge._update_splash()'> (0x00000000d58e9498) 
thrown [s\src\hotspot\share\prims\nativeLookup.cpp, line 415]
Event: 1.316 Thread 0x0000021064b17bb0 Exception <a 'java/lang/NoSuchMethodError'{0x00000000d5b6d7a8}: 'void java.lang.invoke.DirectMethodHandle$Holder.invokeInterface(java.lang.Object, java.lang.Object, java.lang.Object)'> (0x00000000d5b6d7a8) 
thrown [s\src\hotspot\share\interpreter\linkResolver.cpp, line 773]
Event: 1.374 Thread 0x00000210647a36f0 Exception <a 'java/lang/NoSuchMethodError'{0x00000000d5f2c0c8}: 'java.lang.Object java.lang.invoke.DirectMethodHandle$Holder.newInvokeSpecial(java.lang.Object, java.lang.Object, int, java.lang.Object)'> (0x00000000d5f2c0c8) 
thrown [s\src\hotspot\share\interpreter\linkResolver.cpp, line 773]
Event: 1.374 Thread 0x00000210647a36f0 Exception <a 'java/lang/NoSuchMethodError'{0x00000000d5f2fef8}: 'java.lang.Object java.lang.invoke.DirectMethodHandle$Holder.invokeSpecial(java.lang.Object, java.lang.Object, java.lang.Object, int, java.lang.Object)'> (0x00000000d5f2fef8) 
thrown [s\src\hotspot\share\interpreter\linkResolver.cpp, line 773]
Event: 1.391 Thread 0x00000210647a36f0 Exception <a 'java/lang/NoClassDefFoundError'{0x00000000d5fd6c10}: jakarta/servlet/ServletContainerInitializer> (0x00000000d5fd6c10) 
thrown [s\src\hotspot\share\classfile\systemDictionary.cpp, line 302]
Event: 1.414 Thread 0x00000210647a36f0 Exception <a 'java/lang/ClassNotFoundException'{0x00000000d6133a40}: sun/util/logging/resources/spi/loggingProvider> (0x00000000d6133a40) 
thrown [s\src\hotspot\share\classfile\systemDictionary.cpp, line 313]
Event: 3.739 Thread 0x00000210647a36f0 Exception <a 'java/lang/NullPointerException'{0x00000000d6a21198}> (0x00000000d6a21198) 
thrown [s\src\hotspot\share\interpreter\linkResolver.cpp, line 1372]
Event: 3.739 Thread 0x00000210647a36f0 Exception <a 'java/lang/NullPointerException'{0x00000000d6a21478}> (0x00000000d6a21478) 
thrown [s\src\hotspot\share\interpreter\linkResolver.cpp, line 1372]

ZGC Phase Switch (0 events):
No events

VM Operations (20 events):
Event: 1.190 Executing safepoint VM operation: ParallelGCFailedAllocation (Allocation Failure)
Event: 1.196 Executing safepoint VM operation: ParallelGCFailedAllocation (Allocation Failure) done
Event: 1.404 Executing non-safepoint VM operation: HandshakeAllThreads (Deoptimize)
Event: 1.404 Executing non-safepoint VM operation: HandshakeAllThreads (Deoptimize) done
Event: 1.423 Executing non-safepoint VM operation: HandshakeAllThreads (Deoptimize)
Event: 1.423 Executing non-safepoint VM operation: HandshakeAllThreads (Deoptimize) done
Event: 1.437 Executing non-safepoint VM operation: HandshakeAllThreads (Deoptimize)
Event: 1.437 Executing non-safepoint VM operation: HandshakeAllThreads (Deoptimize) done
Event: 1.449 Executing non-safepoint VM operation: HandshakeAllThreads (Deoptimize)
Event: 1.449 Executing non-safepoint VM operation: HandshakeAllThreads (Deoptimize) done
Event: 1.547 Executing safepoint VM operation: ParallelGCFailedAllocation (Allocation Failure)
Event: 1.552 Executing safepoint VM operation: ParallelGCFailedAllocation (Allocation Failure) done
Event: 1.755 Executing non-safepoint VM operation: HandshakeAllThreads (Deoptimize)
Event: 1.755 Executing non-safepoint VM operation: HandshakeAllThreads (Deoptimize) done
Event: 2.765 Executing safepoint VM operation: Cleanup
Event: 2.765 Executing safepoint VM operation: Cleanup done
Event: 3.775 Executing safepoint VM operation: Cleanup
Event: 3.775 Executing safepoint VM operation: Cleanup done
Event: 3.791 Executing safepoint VM operation: ParallelGCFailedAllocation (Allocation Failure)
Event: 3.795 Executing safepoint VM operation: ParallelGCFailedAllocation (Allocation Failure) done

Memory protections (0 events):
No events

Nmethod flushes (0 events):
No events

Events (20 events):
Event: 0.288 Thread 0x000002104406ce00 Thread added: 0x000002105e60a400
Event: 0.358 Thread 0x000002105e60fba0 Thread added: 0x000002106412bb60
Event: 0.786 Thread 0x000002106412bb60 Thread exited: 0x000002106412bb60
Event: 0.786 Thread 0x000002105e499750 Thread exited: 0x000002105e499750
Event: 0.801 Thread 0x000002105e364b40 Thread added: 0x000002106412bb60
Event: 0.846 Thread 0x000002105e35ffe0 Thread added: 0x00000210644fb2b0
Event: 0.853 Thread 0x000002105e618f90 Thread added: 0x0000021064704df0
Event: 0.857 Thread 0x0000021064704df0 Thread added: 0x00000210647054a0
Event: 1.083 Thread 0x000002104406ce00 Thread added: 0x0000021064a09bf0
Event: 1.290 Thread 0x000002104406ce00 Thread added: 0x0000021064b17bb0
Event: 1.319 Thread 0x0000021064b17bb0 Thread added: 0x0000021064ab1380
Event: 1.321 Thread 0x000002104406ce00 Thread added: 0x00000210647a36f0
Event: 1.387 Thread 0x00000210647054a0 Thread exited: 0x00000210647054a0
Event: 1.643 Thread 0x00000210647a36f0 Thread added: 0x00000210652da100
Event: 1.892 Thread 0x0000021064704df0 Thread exited: 0x0000021064704df0
Event: 1.892 Thread 0x00000210644fb2b0 Thread exited: 0x00000210644fb2b0
Event: 1.892 Thread 0x000002106412bb60 Thread exited: 0x000002106412bb60
Event: 2.812 Thread 0x000002105e60fba0 Thread exited: 0x000002105e60fba0
Event: 3.177 Thread 0x000002105e618f90 Thread exited: 0x000002105e618f90
Event: 3.709 Thread 0x00000210647a36f0 Thread added: 0x00000210652d96d0


Dynamic libraries:
0x00007ff7b1a00000 - 0x00007ff7b1a0e000 	c:\Users\dhana\.vscode\extensions\redhat.java-1.55.0-win32-x64\jre\21.0.11-win32-x86_64\bin\java.exe
0x00007ffdc6960000 - 0x00007ffdc6bc6000 	C:\WINDOWS\SYSTEM32\ntdll.dll
0x00007ffda2860000 - 0x00007ffda2881000 	C:\Program Files\Avast Software\Avast\aswhook.dll
0x00007ffdc4bf0000 - 0x00007ffdc4cb9000 	C:\WINDOWS\System32\KERNEL32.DLL
0x00007ffdc3e40000 - 0x00007ffdc423f000 	C:\WINDOWS\System32\KERNELBASE.dll
0x00007ffdc4530000 - 0x00007ffdc467c000 	C:\WINDOWS\System32\ucrtbase.dll
0x00007ffda44d0000 - 0x00007ffda44ee000 	c:\Users\dhana\.vscode\extensions\redhat.java-1.55.0-win32-x64\jre\21.0.11-win32-x86_64\bin\VCRUNTIME140.dll
0x00007ffda4290000 - 0x00007ffda42a8000 	c:\Users\dhana\.vscode\extensions\redhat.java-1.55.0-win32-x64\jre\21.0.11-win32-x86_64\bin\jli.dll
0x00007ffdc6290000 - 0x00007ffdc6456000 	C:\WINDOWS\System32\USER32.dll
0x00007ffda7a70000 - 0x00007ffda7d01000 	C:\WINDOWS\WinSxS\amd64_microsoft.windows.common-controls_6595b64144ccf1df_6.0.26100.8972_none_3e0da176e32f9d4b\COMCTL32.dll
0x00007ffdc4440000 - 0x00007ffdc4467000 	C:\WINDOWS\System32\win32u.dll
0x00007ffdc4800000 - 0x00007ffdc48a9000 	C:\WINDOWS\System32\msvcrt.dll
0x00007ffdc50e0000 - 0x00007ffdc510b000 	C:\WINDOWS\System32\GDI32.dll
0x00007ffdc4310000 - 0x00007ffdc4439000 	C:\WINDOWS\System32\gdi32full.dll
0x00007ffdc3c00000 - 0x00007ffdc3ca3000 	C:\WINDOWS\System32\msvcp_win.dll
0x00007ffdc4da0000 - 0x00007ffdc4dd2000 	C:\WINDOWS\System32\IMM32.DLL
0x00007ffdb8930000 - 0x00007ffdb893c000 	c:\Users\dhana\.vscode\extensions\redhat.java-1.55.0-win32-x64\jre\21.0.11-win32-x86_64\bin\vcruntime140_1.dll
0x00007ffd97c00000 - 0x00007ffd97c8d000 	c:\Users\dhana\.vscode\extensions\redhat.java-1.55.0-win32-x64\jre\21.0.11-win32-x86_64\bin\msvcp140.dll
0x00007ffd41410000 - 0x00007ffd421b2000 	c:\Users\dhana\.vscode\extensions\redhat.java-1.55.0-win32-x64\jre\21.0.11-win32-x86_64\bin\server\jvm.dll
0x00007ffdc5fe0000 - 0x00007ffdc609c000 	C:\WINDOWS\System32\ADVAPI32.dll
0x00007ffdc48b0000 - 0x00007ffdc495a000 	C:\WINDOWS\System32\sechost.dll
0x00007ffdc5730000 - 0x00007ffdc5848000 	C:\WINDOWS\System32\RPCRT4.dll
0x00007ffdc5110000 - 0x00007ffdc5192000 	C:\WINDOWS\System32\WS2_32.dll
0x00007ffdc39d0000 - 0x00007ffdc3a2e000 	C:\WINDOWS\SYSTEM32\POWRPROF.dll
0x00007ffdb7d10000 - 0x00007ffdb7d46000 	C:\WINDOWS\SYSTEM32\WINMM.dll
0x00007ffdbc2f0000 - 0x00007ffdbc2fb000 	C:\WINDOWS\SYSTEM32\VERSION.dll
0x00007ffdc39b0000 - 0x00007ffdc39c5000 	C:\WINDOWS\SYSTEM32\UMPDC.dll
0x00007ffdc2860000 - 0x00007ffdc287b000 	C:\WINDOWS\SYSTEM32\kernel.appcore.dll
0x00007ffdb5b70000 - 0x00007ffdb5b7a000 	c:\Users\dhana\.vscode\extensions\redhat.java-1.55.0-win32-x64\jre\21.0.11-win32-x86_64\bin\jimage.dll
0x00007ffdc12e0000 - 0x00007ffdc1522000 	C:\WINDOWS\SYSTEM32\DBGHELP.DLL
0x00007ffdc51b0000 - 0x00007ffdc5535000 	C:\WINDOWS\System32\combase.dll
0x00007ffdc4cc0000 - 0x00007ffdc4d99000 	C:\WINDOWS\System32\OLEAUT32.dll
0x00007ffdbc480000 - 0x00007ffdbc4bb000 	C:\WINDOWS\SYSTEM32\dbgcore.DLL
0x00007ffdc4250000 - 0x00007ffdc42fc000 	C:\WINDOWS\System32\bcryptPrimitives.dll
0x00007ffda7df0000 - 0x00007ffda7dff000 	c:\Users\dhana\.vscode\extensions\redhat.java-1.55.0-win32-x64\jre\21.0.11-win32-x86_64\bin\instrument.dll
0x00007ffda4210000 - 0x00007ffda4230000 	c:\Users\dhana\.vscode\extensions\redhat.java-1.55.0-win32-x64\jre\21.0.11-win32-x86_64\bin\java.dll
0x00007ffdc5850000 - 0x00007ffdc5fd8000 	C:\WINDOWS\System32\SHELL32.dll
0x00007ffdc15f0000 - 0x00007ffdc1e8b000 	C:\WINDOWS\SYSTEM32\windows.storage.dll
0x00007ffdc4960000 - 0x00007ffdc4a59000 	C:\WINDOWS\System32\SHCORE.dll
0x00007ffdc60b0000 - 0x00007ffdc6116000 	C:\WINDOWS\System32\shlwapi.dll
0x00007ffdc3a90000 - 0x00007ffdc3ab9000 	C:\WINDOWS\SYSTEM32\profapi.dll
0x00007ffd9e310000 - 0x00007ffd9e328000 	c:\Users\dhana\.vscode\extensions\redhat.java-1.55.0-win32-x64\jre\21.0.11-win32-x86_64\bin\zip.dll
0x00007ffda4280000 - 0x00007ffda4290000 	C:\Users\dhana\.vscode\extensions\redhat.java-1.55.0-win32-x64\jre\21.0.11-win32-x86_64\bin\net.dll
0x00007ffdbd790000 - 0x00007ffdbd8b8000 	C:\WINDOWS\SYSTEM32\WINHTTP.dll
0x00007ffdc2e10000 - 0x00007ffdc2e7c000 	C:\WINDOWS\system32\mswsock.dll
0x00007ffd9e2f0000 - 0x00007ffd9e306000 	C:\Users\dhana\.vscode\extensions\redhat.java-1.55.0-win32-x64\jre\21.0.11-win32-x86_64\bin\nio.dll
0x00007ffda4200000 - 0x00007ffda4210000 	c:\Users\dhana\.vscode\extensions\redhat.java-1.55.0-win32-x64\jre\21.0.11-win32-x86_64\bin\verify.dll
0x00007ffd6df30000 - 0x00007ffd6df75000 	C:\Users\dhana\AppData\Roaming\Code\User\globalStorage\redhat.java\1.55.0\config_win\org.eclipse.equinox.launcher\org.eclipse.equinox.launcher.win32.win32.x86_64_1.3.100.v20260613-0559\eclipse_11924.dll
0x00007ffdc4f40000 - 0x00007ffdc50d9000 	C:\WINDOWS\System32\ole32.dll

JVMTI agents:
c:\Users\dhana\.vscode\extensions\redhat.java-1.55.0-win32-x64\lombok\lombok-1.18.39-4050.jar path:c:\Users\dhana\.vscode\extensions\redhat.java-1.55.0-win32-x64\jre\21.0.11-win32-x86_64\bin\instrument.dll, loaded, initialized, instrumentlib options:none

dbghelp: loaded successfully - version: 4.0.5 - missing functions: none
symbol engine: initialized successfully - sym options: 0x614 - pdb path: .;c:\Users\dhana\.vscode\extensions\redhat.java-1.55.0-win32-x64\jre\21.0.11-win32-x86_64\bin;C:\WINDOWS\SYSTEM32;C:\Program Files\Avast Software\Avast;C:\WINDOWS\WinSxS\amd64_microsoft.windows.common-controls_6595b64144ccf1df_6.0.26100.8972_none_3e0da176e32f9d4b;c:\Users\dhana\.vscode\extensions\redhat.java-1.55.0-win32-x64\jre\21.0.11-win32-x86_64\bin\server;C:\Users\dhana\AppData\Roaming\Code\User\globalStorage\redhat.java\1.55.0\config_win\org.eclipse.equinox.launcher\org.eclipse.equinox.launcher.win32.win32.x86_64_1.3.100.v20260613-0559

VM Arguments:
jvm_args: --add-modules=ALL-SYSTEM --add-opens=java.base/java.util=ALL-UNNAMED --add-opens=java.base/java.lang=ALL-UNNAMED --add-opens=java.base/sun.nio.fs=ALL-UNNAMED -Declipse.application=org.eclipse.jdt.ls.core.id1 -Dosgi.bundles.defaultStartLevel=4 -Declipse.product=org.eclipse.jdt.ls.core.product -Djava.import.generatesMetadataFilesAtProjectRoot=false -DDetectVMInstallationsJob.disabled=true -Dfile.encoding=utf8 -XX:+UseParallelGC -XX:GCTimeRatio=4 -XX:AdaptiveSizePolicyWeight=90 -Dsun.zip.disableMemoryMapping=true -Xmx2G -Xms100m -Xlog:disable -javaagent:c:\Users\dhana\.vscode\extensions\redhat.java-1.55.0-win32-x64\lombok\lombok-1.18.39-4050.jar -XX:+HeapDumpOnOutOfMemoryError -XX:HeapDumpPath=c:\Users\dhana\AppData\Roaming\Code\User\workspaceStorage\a55c360faebba8a3ba963f47fe04c56b\redhat.java -Daether.dependencyCollector.impl=bf 
java_command: c:\Users\dhana\.vscode\extensions\redhat.java-1.55.0-win32-x64\server\plugins\org.eclipse.equinox.launcher_1.7.200.v20260619-2039.jar -configuration c:\Users\dhana\AppData\Roaming\Code\User\globalStorage\redhat.java\1.55.0\config_win -data c:\Users\dhana\AppData\Roaming\Code\User\workspaceStorage\a55c360faebba8a3ba963f47fe04c56b\redhat.java\jdt_ws --pipe=\\.\pipe\lsp-15aaafcd37d58bb79ec518d642e045bf-sock
java_class_path (initial): c:\Users\dhana\.vscode\extensions\redhat.java-1.55.0-win32-x64\server\plugins\org.eclipse.equinox.launcher_1.7.200.v20260619-2039.jar
Launcher Type: SUN_STANDARD

[Global flags]
    uintx AdaptiveSizePolicyWeight                 = 90                                        {product} {command line}
     intx CICompilerCount                          = 12                                        {product} {ergonomic}
    uintx GCTimeRatio                              = 4                                         {product} {command line}
     bool HeapDumpOnOutOfMemoryError               = true                                   {manageable} {command line}
    ccstr HeapDumpPath                             = c:\Users\dhana\AppData\Roaming\Code\User\workspaceStorage\a55c360faebba8a3ba963f47fe04c56b\redhat.java         {manageable} {command line}
   size_t InitialHeapSize                          = 104857600                                 {product} {command line}
   size_t MaxHeapSize                              = 2147483648                                {product} {command line}
   size_t MaxNewSize                               = 715653120                                 {product} {ergonomic}
   size_t MinHeapDeltaBytes                        = 524288                                    {product} {ergonomic}
   size_t MinHeapSize                              = 104857600                                 {product} {command line}
   size_t NewSize                                  = 34603008                                  {product} {ergonomic}
    uintx NonNMethodCodeHeapSize                   = 7602480                                {pd product} {ergonomic}
    uintx NonProfiledCodeHeapSize                  = 122027880                              {pd product} {ergonomic}
   size_t OldSize                                  = 70254592                                  {product} {ergonomic}
    uintx ProfiledCodeHeapSize                     = 122027880                              {pd product} {ergonomic}
    uintx ReservedCodeCacheSize                    = 251658240                              {pd product} {ergonomic}
     bool SegmentedCodeCache                       = true                                      {product} {ergonomic}
   size_t SoftMaxHeapSize                          = 2147483648                             {manageable} {ergonomic}
     bool UseCompressedOops                        = true                           {product lp64_product} {ergonomic}
     bool UseLargePagesIndividualAllocation        = false                                  {pd product} {ergonomic}
     bool UseParallelGC                            = true                                      {product} {command line}

Logging:
Log output configuration:
 #0: stdout all=off uptime,level,tags foldmultilines=false
 #1: stderr all=off uptime,level,tags foldmultilines=false

Release file:
JAVA_VERSION="21.0.11" 
MODULES="java.base java.compiler java.datatransfer java.xml java.prefs java.desktop java.instrument java.logging java.management java.security.sasl java.naming java.rmi java.management.rmi java.net.http java.scripting java.security.jgss java.transaction.xa java.sql java.sql.rowset java.xml.crypto java.se java.smartcardio jdk.accessibility jdk.internal.jvmstat jdk.attach jdk.charsets jdk.internal.opt jdk.zipfs jdk.compiler jdk.crypto.ec jdk.crypto.cryptoki jdk.crypto.mscapi jdk.dynalink jdk.internal.ed jdk.editpad jdk.hotspot.agent jdk.httpserver jdk.internal.le jdk.internal.vm.ci jdk.internal.vm.compiler jdk.internal.vm.compiler.management jdk.jartool jdk.javadoc jdk.jcmd jdk.management jdk.management.agent jdk.jconsole jdk.jdeps jdk.jdwp.agent jdk.jdi jdk.jfr jdk.jshell jdk.jsobject jdk.jstatd jdk.localedata jdk.management.jfr jdk.naming.dns jdk.naming.rmi jdk.net jdk.nio.mapmode jdk.random jdk.sctp jdk.security.auth jdk.security.jgss jdk.unsupported jdk.unsupported.desktop jdk.xml.dom" 

Environment Variables:
PATH=C:\Python314\Scripts\;C:\Python314\;C:\Program Files\Common Files\Oracle\Java\javapath;C:\ProgramData\Oracle\Java\javapath;C:\Windows\system32;C:\Windows;C:\Windows\System32\Wbem;C:\Windows\System32\WindowsPowerShell\v1.0\;C:\Windows\System32\OpenSSH\;C:\Program Files (x86)\NVIDIA Corporation\PhysX\Common;C:\Python\Python310;C:\Program Files\dotnet\;C:\WINDOWS\system32;C:\WINDOWS;C:\WINDOWS\System32\Wbem;C:\WINDOWS\System32\WindowsPowerShell\v1.0\;C:\WINDOWS\System32\OpenSSH\;C:\MinGW\bin;C:\Program Files\NVIDIA Corporation\NVIDIA app\NvDLISR;C:\Users\Public\Desktop\R 4.4.2.lnk;C:\Program Files\Java\jdk-21.0.11\bin;C:\Program Files\apache-maven-3.9.12\bin;C:\Program Files\AmypoCoder\bin;C:\Program Files\Git\cmd;C:\Program Files\apache-maven-3.9.12\bin;C:\Program Files (x86)\Nmap\;C:\Program Files\nodejs\;C:\ProgramData\chocolatey\bin;C:\Program Files\Cloudflare\Cloudflare WARP\;C:\Users\dhana\AppData\Local\Microsoft\WindowsApps;C:\Users\dhana\AppData\Local\Programs\Microsoft VS Code\bin;C:\Users\dhana\Downloads\jdk-21.0.11_doc-all\docs;C:\Program Files\Java\jdk-21.0.11\bin;C:\Program Files\apache-maven-3.9.12\bin;C:\Program Files\MySQL\MySQL Server 8.0\bin;C:\Users\dhana\AppData\Roaming\npm;C:\Program Files\nodejs\;;C:\Users\dhana\AppData\Local\Programs\DockerDesktop\resources\bin
USERNAME=dhananjay
OS=Windows_NT
PROCESSOR_IDENTIFIER=AMD64 Family 25 Model 68 Stepping 1, AuthenticAMD
TMP=C:\Users\dhana\AppData\Local\Temp
TEMP=C:\Users\dhana\AppData\Local\Temp




Periodic native trim disabled

---------------  S Y S T E M  ---------------

OS:
 Windows 11 , 64 bit Build 26100 (10.0.26100.9168)
OS uptime: 1 days 4:28 hours
Hyper-V role detected

CPU: total 16 (initial active 16) (16 cores per cpu, 2 threads per core) family 25 model 68 stepping 1 microcode 0xa404102, cx8, cmov, fxsr, ht, mmx, 3dnowpref, sse, sse2, sse3, ssse3, sse4a, sse4.1, sse4.2, popcnt, lzcnt, tsc, tscinvbit, avx, avx2, aes, erms, clmul, bmi1, bmi2, adx, sha, fma, vzeroupper, clflush, clflushopt, hv, rdtscp, rdpid, fsrm, f16c, cet_ss
Processor Information for the first 16 processors :
  Max Mhz: 3201, Current Mhz: 3201, Mhz Limit: 3201

Memory: 4k page, system-wide physical 15628M (1364M free)
TotalPageFile size 30541M (AvailPageFile size 26M)
current process WorkingSet (physical memory assigned to process): 119M, peak: 119M
current process commit charge ("private bytes"): 273M, peak: 273M

vm_info: OpenJDK 64-Bit Server VM (21.0.11+10-LTS) for windows-amd64 JRE (21.0.11+10-LTS), built on 2026-04-21T00:00:00Z by "admin" with MS VC++ 17.12 (VS2022)

END.
